Date,AUDUSD=X_Open,AUDUSD=X_Close,AUDUSD=X_High,AUDUSD=X_Low,HG1 Comdty_Open,HG1 Comdty_Close,HG1 Comdty_High,HG1 Comdty_Low
07-18-2017,0.782491,0.782522,0.783822,0.78039,123.8,123.95,124.4,121.5
07-19-2017,0.779089,0.779101,0.794407,0.778755,124.3,123.9,125.5,123.75
07-20-2017,0.791954,0.791828,0.795482,0.791271,126.7,124.15,126.9,122.8
07-21-2017,0.795969,0.79602,0.798467,0.789808,128.65,126.85,129.15,125.7
07-24-2017,0.794811,0.794786,0.795039,0.787873,127.2,129.15,129.2,126.0
07-25-2017,0.792456,0.792531,0.796749,0.790514,130.8,127.05,130.8,125.0
07-26-2017,0.792531,0.79277,0.797067,0.790839,131.6,130.75,132.4,129.9
07-27-2017,0.793141,0.793273,0.793733,0.787997,131.8,131.55,133.0,130.2
07-28-2017,0.800077,0.800013,0.806582,0.795811,126.7,131.8,133.5,126.2
07-31-2017,0.797607,0.797359,0.800679,0.793777,127.5,126.75,128.5,126.1
08-01-2017,0.798193,0.798594,0.798913,0.795773,125.6,127.25,127.5,124.9
08-02-2017,0.800378,0.799872,0.804505,0.796197,124.1,125.7,125.8,124.05
08-03-2017,0.795672,0.795608,0.798531,0.794281,127.55,124.15,128.4,123.1
08-04-2017,0.795608,0.79552,0.795893,0.791703,127.8,127.8,129.2,127.3
08-07-2017,0.795672,0.795988,0.798085,0.789204,129.35,128.0,131.4,127.2
08-08-2017,0.792977,0.793084,0.794723,0.790264,130.2,129.45,130.4,127.5
08-09-2017,0.791578,0.791672,0.794281,0.788967,130.25,130.3,130.9,128.75
08-10-2017,0.789391,0.789827,0.789902,0.78583,130.75,130.55,132.5,129.5
08-11-2017,0.789266,0.78916,0.791083,0.786751,129.1,130.8,131.3,128.0
08-14-2017,0.786658,0.786658,0.790826,0.784037,127.2,129.35,129.5,126.7
08-15-2017,0.790451,0.790408,0.791954,0.785669,124.2,126.8,126.9,124.1
08-16-2017,0.785583,0.785361,0.78765,0.780823,124.8,122.0,124.8,121.9
08-17-2017,0.782656,0.782595,0.789204,0.782534,125.8,124.95,126.0,124.9
08-18-2017,0.79321,0.79321,0.79628,0.791089,128.45,124.7,128.6,123.8
08-21-2017,0.787464,0.787526,0.793903,0.787464,128.7,128.45,128.7,128.0
08-22-2017,0.792852,0.792751,0.795102,0.791139,128.85,127.65,128.85,126.0
08-23-2017,0.793966,0.793777,0.795039,0.789827,130.1,128.8,130.1,128.2
08-24-2017,0.791102,0.791327,0.791139,0.78842,130.6,130.85,130.95,130.5
08-25-2017,0.791471,0.791077,0.79164,0.78677,130.3,131.35,131.6,129.5
08-28-2017,0.789702,0.790014,0.795361,0.788637,128.7,128.95,129.2,128.6
08-29-2017,0.79425,0.79406,0.796369,0.79277,128.0,127.8,128.8,127.8
08-30-2017,0.792581,0.792456,0.798237,0.79233,127.5,127.9,129.0,126.9
08-31-2017,0.795938,0.795672,0.79968,0.789123,129.0,127.75,130.0,127.7
09-01-2017,0.790639,0.790701,0.793966,0.787278,126.9,128.1,128.9,126.3
09-04-2017,0.794199,0.793966,0.799233,0.792267,125.4,125.15,125.65,124.7
09-05-2017,0.796495,0.79647,0.797194,0.794382,125.4,125.15,125.65,124.7
09-06-2017,0.79459,0.794534,0.802813,0.794458,122.0,125.7,125.7,122.0
09-07-2017,0.800769,0.800698,0.801989,0.796559,124.25,122.0,124.25,121.05
09-08-2017,0.800833,0.80109,0.804505,0.797741,121.95,122.0,122.9,121.2
09-11-2017,0.805601,0.805802,0.812427,0.805179,120.5,122.2,123.0,120.5
09-12-2017,0.804803,0.805153,0.805932,0.802246,117.2,120.5,121.1,117.05
09-13-2017,0.802375,0.802375,0.804887,0.799936,119.75,117.15,120.2,116.4
09-14-2017,0.801796,0.802008,0.804505,0.797372,122.0,120.75,122.2,120.1
09-15-2017,0.79818,0.797957,0.801667,0.795982,121.75,120.95,122.0,119.35
09-18-2017,0.800282,0.800179,0.802942,0.798779,119.6,122.35,123.0,118.9
09-19-2017,0.79968,0.79968,0.803536,0.796495,116.0,119.5,119.6,115.8
09-20-2017,0.79701,0.797111,0.80141,0.796311,119.1,116.35,119.25,114.8
09-21-2017,0.800576,0.800576,0.807331,0.800064,119.35,119.5,120.0,118.3
09-22-2017,0.801667,0.801667,0.801925,0.791791,119.7,119.25,120.2,118.15
09-25-2017,0.793021,0.793059,0.798677,0.790958,117.8,119.9,120.5,117.05
09-26-2017,0.796369,0.796495,0.797321,0.793462,118.95,117.9,119.5,115.8
09-27-2017,0.793714,0.793682,0.795102,0.787098,114.6,119.1,119.7,112.8
09-28-2017,0.78765,0.787761,0.78883,0.783748,116.45,115.25,116.45,113.9
09-29-2017,0.785071,0.785071,0.785793,0.780031,116.5,117.3,117.7,112.15
10-02-2017,0.784732,0.784628,0.785608,0.782228,123.7,116.45,123.7,116.1
10-03-2017,0.784142,0.78456,0.784621,0.779606,126.5,123.75,126.75,122.7
10-04-2017,0.78273,0.782718,0.78456,0.778695,123.15,126.55,126.8,122.85
10-05-2017,0.783576,0.783631,0.787464,0.783509,124.1,123.15,124.4,120.8
10-06-2017,0.786269,0.78617,0.786596,0.779599,129.8,124.6,130.0,122.9
10-09-2017,0.779162,0.779059,0.77991,0.773437,129.9,124.8,130.0,124.25
10-10-2017,0.777853,0.777938,0.778271,0.774881,129.2,129.25,130.8,128.5
10-11-2017,0.77591,0.775916,0.779703,0.775861,127.15,127.75,128.5,126.6
10-12-2017,0.778513,0.778652,0.780738,0.777605,123.15,127.3,128.2,123.0
10-13-2017,0.78064,0.780457,0.783423,0.779995,123.8,123.25,124.4,123.0
10-16-2017,0.782742,0.782779,0.78964,0.78235,122.7,123.2,124.1,122.7
10-17-2017,0.788619,0.788569,0.788899,0.785762,123.2,123.25,124.5,123.2
10-18-2017,0.784591,0.784418,0.786225,0.781922,122.1,122.0,122.5,121.7
10-19-2017,0.784997,0.78517,0.785793,0.781922,118.0,118.9,118.9,118.0
10-20-2017,0.78432,0.784252,0.788457,0.784314,114.5,119.75,119.6,114.5
10-23-2017,0.787811,0.787507,0.787898,0.780884,114.3,115.6,115.7,114.1
10-24-2017,0.780701,0.780701,0.783515,0.779709,116.7,114.45,116.7,113.8
10-25-2017,0.781299,0.78125,0.782595,0.777152,118.5,117.6,119.0,117.6
10-26-2017,0.777605,0.777544,0.778695,0.76929,118.0,117.75,118.4,117.1
10-27-2017,0.770832,0.77079,0.772022,0.76746,119.1,118.7,119.8,118.65
10-30-2017,0.766242,0.765972,0.767106,0.762672,118.0,119.35,119.3,117.8
10-31-2017,0.766636,0.766812,0.768728,0.765703,116.0,116.75,116.9,115.3
11-01-2017,0.769527,0.769764,0.769823,0.764111,121.9,119.25,121.9,118.5
11-02-2017,0.765937,0.76599,0.769598,0.764883,125.1,123.85,125.5,123.0
11-03-2017,0.767748,0.767695,0.773036,0.767748,123.2,124.65,124.7,123.1
11-06-2017,0.771379,0.771391,0.771724,0.76407,122.8,123.15,123.65,122.0
11-07-2017,0.765041,0.765169,0.767731,0.764,120.95,122.8,123.6,120.95
11-08-2017,0.768699,0.768994,0.770048,0.762881,119.5,120.95,121.5,118.9
11-09-2017,0.765562,0.765509,0.768521,0.764526,117.05,119.2,119.5,116.25
11-10-2017,0.767872,0.767872,0.769408,0.765029,123.2,117.75,124.25,116.3
11-13-2017,0.768262,0.768262,0.769539,0.765568,124.0,123.5,124.05,122.6
11-14-2017,0.764701,0.764701,0.766695,0.762195,124.0,124.15,124.7,123.0
11-15-2017,0.761615,0.761499,0.765111,0.76136,122.6,124.3,125.0,121.75
11-16-2017,0.763068,0.763126,0.763283,0.757461,122.75,122.55,124.5,121.4
11-17-2017,0.763068,0.763126,0.763283,0.757461,130.8,122.75,131.05,120.5
11-20-2017,0.758725,0.758731,0.760803,0.753636,135.85,131.0,135.85,130.3
11-21-2017,0.755298,0.755401,0.757404,0.75454,134.0,135.9,136.3,133.55
11-22-2017,0.755453,0.755572,0.758979,0.753301,128.65,134.25,134.8,127.85
11-23-2017,0.75861,0.758489,0.759878,0.755578,129.5,128.85,129.8,127.4
11-24-2017,0.761383,0.761383,0.763884,0.760439,129.5,128.85,129.8,127.4
11-27-2017,0.762532,0.762567,0.762893,0.760769,128.0,129.5,130.0,125.9
11-28-2017,0.761267,0.761197,0.764818,0.759428,128.8,128.0,129.0,126.2
11-29-2017,0.760861,0.760717,0.762021,0.758921,130.75,128.85,130.75,126.1
11-30-2017,0.76063,0.760549,0.760803,0.755401,130.7,130.5,130.95,129.2
12-01-2017,0.756315,0.756659,0.759492,0.755881,131.9,130.9,132.0,129.5
12-04-2017,0.756487,0.756344,0.763884,0.755801,130.9,131.9,132.2,129.4
12-05-2017,0.759129,0.759013,0.761673,0.758041,135.4,130.95,135.4,128.8
12-06-2017,0.760398,0.76041,0.765462,0.760167,137.0,134.7,137.7,133.1
12-07-2017,0.760688,0.760462,0.761383,0.756029,136.1,137.1,137.55,135.5
12-08-2017,0.756888,0.756687,0.756888,0.751552,134.2,136.0,136.2,133.3
12-11-2017,0.751033,0.751202,0.753296,0.750221,136.0,134.2,137.15,133.2
12-12-2017,0.750779,0.750807,0.754489,0.750739,136.4,135.95,136.6,135.5
12-13-2017,0.753125,0.75295,0.758093,0.751993,134.9,135.25,135.7,134.8
12-14-2017,0.755818,0.755658,0.761615,0.755458,134.65,134.55,134.65,132.5
12-15-2017,0.763091,0.763301,0.767577,0.762899,135.8,135.55,135.95,135.65
12-18-2017,0.76656,0.766501,0.769527,0.764292,134.55,136.05,136.1,132.2
12-19-2017,0.764818,0.765111,0.767695,0.764152,138.55,135.5,138.55,135.5
12-20-2017,0.76643,0.766577,0.768403,0.764643,137.1,137.9,138.15,137.1
12-21-2017,0.765252,0.765345,0.768226,0.765252,135.8,136.95,137.1,135.8
12-22-2017,0.767201,0.767224,0.770416,0.765439,136.5,134.85,136.55,134.8
12-25-2017,0.770594,0.770772,0.77232,0.770369,135.3,136.4,136.6,135.3
12-26-2017,0.771605,0.771486,0.775855,0.771188,135.3,136.4,136.6,135.3
12-27-2017,0.772499,0.772559,0.772798,0.771367,131.35,134.7,134.7,131.35
12-28-2017,0.773048,0.773043,0.777605,0.773036,132.75,130.9,133.5,130.6
12-29-2017,0.777544,0.777484,0.781128,0.777484,128.5,133.55,133.1,128.5
01-01-2018,0.779484,0.779429,0.782595,0.778998,127.0,128.4,128.9,127.0
01-02-2018,0.780701,0.780214,0.781494,0.780153,127.0,128.4,128.9,127.0
01-03-2018,0.780031,0.780104,0.784621,0.780031,128.5,127.0,128.5,126.2
01-04-2018,0.783269,0.783392,0.784498,0.780579,131.5,129.2,132.0,128.8
01-05-2018,0.782901,0.78284,0.786281,0.781537,129.5,133.8,133.5,129.2
01-08-2018,0.786392,0.78638,0.787092,0.783589,129.0,131.75,132.0,129.0
01-09-2018,0.786164,0.786102,0.787253,0.78284,129.7,130.1,136.9,127.8
01-10-2018,0.784498,0.784806,0.786491,0.780829,139.7,137.1,139.85,136.4
01-11-2018,0.781152,0.781067,0.786658,0.780933,135.05,139.45,139.6,134.65
01-12-2018,0.784708,0.784732,0.788706,0.783945,134.7,134.3,134.95,132.5
01-15-2018,0.788581,0.788581,0.79032,0.784868,130.5,134.8,134.9,129.95
01-16-2018,0.790889,0.790889,0.797894,0.790889,130.5,134.8,134.9,129.95
01-17-2018,0.796052,0.796292,0.797703,0.793777,132.65,130.85,135.8,129.5
01-18-2018,0.797257,0.79713,0.799898,0.79413,131.35,132.6,133.0,130.6
01-19-2018,0.797162,0.797251,0.800705,0.794281,130.55,131.35,132.5,130.2
01-22-2018,0.800692,0.800576,0.803988,0.799399,133.1,130.85,133.9,129.7
01-23-2018,0.800192,0.800211,0.80289,0.797938,130.15,132.95,133.1,129.2
01-24-2018,0.80082,0.800833,0.803019,0.795697,129.75,130.15,135.95,127.55
01-25-2018,0.800384,0.800448,0.808277,0.799424,125.5,130.0,131.3,125.5
01-26-2018,0.805121,0.804894,0.812018,0.805121,124.1,124.35,125.9,123.3
01-29-2018,0.803019,0.802923,0.810833,0.802607,121.55,124.15,125.0,121.05
01-30-2018,0.811603,0.811688,0.81182,0.807559,117.8,121.6,121.8,117.5
01-31-2018,0.809697,0.809599,0.8113,0.804382,118.5,117.8,119.2,116.9
02-01-2018,0.809782,0.81011,0.811622,0.804693,118.0,118.6,119.45,118.0
02-02-2018,0.806192,0.806127,0.806712,0.798913,117.1,118.05,118.2,116.45
02-05-2018,0.804117,0.804052,0.804117,0.792205,117.3,117.3,118.6,116.9
02-06-2018,0.79067,0.790639,0.795437,0.790389,116.85,117.45,117.55,116.5
02-07-2018,0.787637,0.787464,0.789079,0.783638,114.4,116.85,117.0,114.35
02-08-2018,0.789278,0.789391,0.790776,0.783908,114.55,114.4,115.55,114.0
02-09-2018,0.781739,0.781739,0.784375,0.778452,112.0,114.55,114.7,111.9
02-12-2018,0.778574,0.77875,0.783012,0.776036,112.9,112.2,113.25,111.85
02-13-2018,0.781983,0.78202,0.784511,0.781116,111.3,113.25,113.4,111.15
02-14-2018,0.78575,0.785916,0.787588,0.783098,111.65,111.4,112.4,111.1
02-15-2018,0.786139,0.786102,0.789017,0.777544,112.25,111.65,112.5,111.25
02-16-2018,0.792958,0.792833,0.796686,0.789328,112.0,112.45,112.7,111.4
02-19-2018,0.794723,0.794382,0.798977,0.790451,111.95,112.0,113.1,111.8
02-20-2018,0.791208,0.791202,0.793714,0.790002,111.95,112.0,113.1,111.8
02-21-2018,0.790952,0.790889,0.793147,0.788103,111.85,111.75,113.0,111.1
02-22-2018,0.78809,0.78809,0.789827,0.783061,110.0,111.75,112.15,109.8
02-23-2018,0.779757,0.779843,0.785978,0.77912,108.15,109.4,109.7,107.8
02-26-2018,0.783822,0.783951,0.784375,0.78064,109.4,108.4,109.9,106.7
02-27-2018,0.783945,0.78384,0.789079,0.782822,108.55,109.4,110.3,107.65
02-28-2018,0.784991,0.784991,0.786906,0.779618,108.25,108.55,110.4,108.2
03-01-2018,0.779041,0.779362,0.782105,0.778331,110.65,108.25,111.0,108.0
03-02-2018,0.776199,0.776578,0.776699,0.771367,110.7,110.35,110.8,109.2
03-05-2018,0.776554,0.77647,0.777424,0.773814,106.65,110.85,111.0,106.1
03-06-2018,0.775609,0.77547,0.777122,0.772678,106.95,106.65,107.8,105.4
03-07-2018,0.776651,0.776699,0.784068,0.775723,108.7,107.05,109.6,105.9
03-08-2018,0.778634,0.778634,0.782981,0.777303,106.25,108.7,109.1,106.25
03-09-2018,0.782963,0.782712,0.783822,0.777726,104.3,104.55,105.1,104.25
03-12-2018,0.778998,0.779059,0.785299,0.777768,104.25,104.3,104.5,102.95
03-13-2018,0.786287,0.786269,0.788022,0.785583,104.35,104.2,104.35,103.85
03-14-2018,0.787278,0.78729,0.789889,0.78596,102.0,102.65,102.65,101.8
03-15-2018,0.785978,0.785799,0.791703,0.785731,101.55,102.0,102.6,101.55
03-16-2018,0.788171,0.787979,0.788581,0.781006,101.5,100.9,101.5,101.1
03-19-2018,0.779059,0.778938,0.780579,0.771968,101.6,102.6,102.7,101.1
03-20-2018,0.771545,0.771605,0.772201,0.768758,100.6,101.7,101.75,100.6
03-21-2018,0.771016,0.770832,0.772082,0.768344,100.75,99.7,100.75,99.65
03-22-2018,0.768994,0.769053,0.771307,0.767342,99.25,100.75,100.85,99.25
03-23-2018,0.777726,0.777478,0.778198,0.769071,99.1,99.8,99.8,98.9
03-26-2018,0.769823,0.769349,0.774293,0.769639,98.1,98.65,98.5,98.0
03-27-2018,0.771307,0.770861,0.774797,0.771129,97.65,97.6,97.7,96.8
03-28-2018,0.775512,0.775615,0.775916,0.769787,97.8,97.75,98.05,97.6
03-29-2018,0.768722,0.768758,0.770475,0.765462,97.7,97.8,98.35,97.5
03-30-2018,0.766201,0.766008,0.768876,0.764351,97.7,96.65,98.1,96.65
04-02-2018,0.768681,0.76858,0.770951,0.767442,97.7,96.65,98.1,96.65
04-03-2018,0.768368,0.768303,0.769574,0.765398,96.7,96.9,97.5,96.7
04-04-2018,0.765404,0.765462,0.770772,0.765363,97.4,96.3,97.95,96.2
04-05-2018,0.768226,0.768203,0.771724,0.766348,96.95,97.6,98.65,96.95
04-06-2018,0.772022,0.771998,0.772499,0.767636,95.55,96.95,97.3,95.1
04-09-2018,0.767148,0.76683,0.76993,0.766754,93.7,95.55,95.75,93.2
04-10-2018,0.767902,0.768226,0.770891,0.765287,89.0,90.7,90.75,88.8
04-11-2018,0.770001,0.769959,0.77647,0.769408,90.45,88.7,90.65,88.75
04-12-2018,0.776337,0.776398,0.777424,0.774054,89.45,90.45,90.6,89.0
04-13-2018,0.776337,0.776518,0.777303,0.773994,88.4,89.45,89.6,87.9
04-16-2018,0.77612,0.775735,0.781128,0.776036,91.5,88.35,91.5,88.1
04-17-2018,0.777309,0.777448,0.778289,0.775374,93.15,91.75,93.15,91.35
04-18-2018,0.777424,0.777291,0.77918,0.776096,91.7,93.2,93.25,91.6
04-19-2018,0.776789,0.776699,0.779727,0.774593,95.1,91.8,95.1,91.7
04-20-2018,0.778877,0.778889,0.781494,0.774833,94.35,95.15,95.5,94.0
04-23-2018,0.772082,0.772338,0.772798,0.765591,94.85,94.25,95.6,93.35
04-24-2018,0.765961,0.76599,0.768521,0.760977,94.45,94.85,95.5,93.9
04-25-2018,0.7603,0.760341,0.762311,0.758265,92.8,94.45,94.5,92.45
04-26-2018,0.760439,0.76063,0.760439,0.755344,94.1,92.8,94.5,92.5
04-27-2018,0.756859,0.757117,0.759129,0.754831,94.15,94.45,95.5,93.3
04-30-2018,0.755687,0.755687,0.7573,0.753296,95.5,94.0,96.15,93.6
05-01-2018,0.757289,0.757518,0.758208,0.753636,95.75,95.65,96.25,94.65
05-02-2018,0.753284,0.753239,0.75466,0.74744,93.25,95.75,95.8,92.55
05-03-2018,0.748503,0.74829,0.752955,0.747719,93.85,93.3,94.45,92.55
05-04-2018,0.748727,0.748671,0.754262,0.748671,93.25,93.85,94.3,93.15
05-07-2018,0.752955,0.752842,0.756315,0.749344,91.85,93.35,93.5,91.7
05-08-2018,0.752672,0.752423,0.754489,0.7494,90.4,91.9,91.95,90.4
05-09-2018,0.75188,0.75188,0.752785,0.743478,90.7,90.4,91.35,90.1
05-10-2018,0.744491,0.744934,0.747189,0.7414,89.3,90.75,90.8,89.2
05-11-2018,0.746102,0.745935,0.753182,0.745601,90.6,89.3,90.8,88.6
05-14-2018,0.752559,0.752615,0.756544,0.752389,91.25,90.65,91.35,89.55
05-15-2018,0.755116,0.75511,0.756544,0.754375,90.6,91.35,91.7,90.2
05-16-2018,0.752729,0.752598,0.753693,0.74494,91.05,90.6,91.3,90.1
05-17-2018,0.746848,0.746848,0.751823,0.744851,89.5,91.15,91.3,89.45
05-18-2018,0.75171,0.751767,0.754888,0.749968,89.4,89.45,89.75,88.3
05-21-2018,0.750458,0.750638,0.752785,0.748951,89.6,89.4,90.2,88.8
05-22-2018,0.752219,0.752428,0.757117,0.750356,87.4,89.8,90.2,87.4
05-23-2018,0.75807,0.758265,0.760549,0.757346,88.75,87.4,89.85,86.9
05-24-2018,0.757978,0.757892,0.758323,0.752332,86.4,88.75,89.0,86.4
05-25-2018,0.756601,0.756716,0.757404,0.754375,85.3,86.35,86.45,85.05
05-28-2018,0.757002,0.757197,0.759129,0.755059,85.4,85.35,86.05,85.15
05-29-2018,0.755687,0.755687,0.758208,0.754546,85.4,85.35,86.05,85.15
05-30-2018,0.75466,0.754774,0.755401,0.751021,84.6,85.45,85.45,84.6
05-31-2018,0.748447,0.748167,0.757461,0.748335,84.0,84.7,84.8,83.8
06-01-2018,0.757209,0.757117,0.759301,0.75539,83.7,83.75,84.4,83.25
06-04-2018,0.756144,0.756212,0.756911,0.751936,83.35,83.7,83.95,83.3
06-05-2018,0.756922,0.756882,0.766642,0.756922,82.35,83.35,83.7,82.3
06-06-2018,0.765287,0.765404,0.76558,0.759549,81.9,82.3,82.75,81.75
06-07-2018,0.762486,0.762462,0.767813,0.762428,82.45,81.85,82.6,81.45
06-08-2018,0.766342,0.766577,0.767283,0.762776,82.05,82.4,82.75,81.5
06-11-2018,0.761458,0.761441,0.762718,0.756144,82.65,81.65,82.65,81.5
06-12-2018,0.760202,0.76019,0.762253,0.75963,82.25,82.75,82.8,82.0
06-13-2018,0.760479,0.760462,0.762486,0.758668,82.5,82.35,82.65,82.45
06-14-2018,0.757404,0.757576,0.761093,0.755744,82.5,82.0,82.5,82.05
06-15-2018,0.75683,0.757071,0.757518,0.751033,82.95,82.6,82.95,82.45
06-18-2018,0.746503,0.746547,0.747999,0.744651,82.35,82.5,82.8,82.05
06-19-2018,0.74397,0.743992,0.745434,0.741785,81.3,82.3,82.4,81.3
06-20-2018,0.740521,0.740357,0.742556,0.734862,80.7,81.9,81.9,80.7
06-21-2018,0.739098,0.738825,0.740905,0.737061,80.7,81.05,81.1,80.45
06-22-2018,0.737191,0.737409,0.739208,0.734646,81.45,81.55,81.8,81.45
06-25-2018,0.73779,0.737898,0.744214,0.737708,82.2,81.0,82.2,81.0
06-26-2018,0.743826,0.743837,0.744103,0.739847,81.35,82.25,82.5,81.4
06-27-2018,0.740905,0.74096,0.742501,0.738225,80.95,80.35,81.25,80.35
06-28-2018,0.739098,0.739169,0.740763,0.736269,82.15,81.35,82.15,81.15
06-29-2018,0.734187,0.734322,0.736323,0.73303,82.05,82.4,82.75,82.05
07-02-2018,0.7347,0.734646,0.740192,0.733622,81.35,82.7,83.2,81.0
07-03-2018,0.739864,0.739864,0.739919,0.731315,82.55,81.35,82.55,81.4
07-04-2018,0.733837,0.733891,0.740412,0.731722,81.05,82.45,82.75,80.9
07-05-2018,0.737844,0.737844,0.742225,0.737572,81.05,82.45,82.75,80.9
07-06-2018,0.737844,0.738171,0.740851,0.736279,80.65,80.95,81.6,80.65
07-09-2018,0.738716,0.738662,0.744402,0.73779,78.5,80.3,80.4,78.5
07-10-2018,0.743605,0.743633,0.748408,0.743605,79.25,78.7,79.5,78.2
07-11-2018,0.747049,0.747049,0.748391,0.743108,79.35,79.25,79.5,78.6
07-12-2018,0.741752,0.7414,0.742909,0.738389,80.4,79.4,80.95,79.15
07-13-2018,0.73654,0.736589,0.741961,0.736193,80.3,80.45,80.7,80.05
07-16-2018,0.740702,0.740686,0.74228,0.73692,80.25,80.3,81.2,79.95
07-17-2018,0.741878,0.742115,0.744325,0.741043,80.55,80.25,80.65,79.6
07-18-2018,0.7414,0.741471,0.743826,0.738716,80.3,80.5,80.6,79.8
07-19-2018,0.737898,0.737741,0.739607,0.734419,79.8,80.25,80.75,79.65
07-20-2018,0.740192,0.739891,0.743992,0.732418,78.9,79.6,79.8,78.9
07-23-2018,0.736323,0.736279,0.74228,0.732064,79.9,79.15,80.2,78.4
07-24-2018,0.743312,0.743301,0.743528,0.737659,79.25,79.85,80.4,78.4
07-25-2018,0.738007,0.738007,0.743384,0.736128,79.0,79.2,79.3,78.15
07-26-2018,0.74271,0.742622,0.744048,0.739262,80.6,78.9,80.7,78.6
07-27-2018,0.746046,0.74594,0.74638,0.737953,80.0,80.65,80.7,79.6
07-30-2018,0.738334,0.738007,0.74162,0.737061,81.35,80.15,82.4,79.4
07-31-2018,0.740028,0.740083,0.7414,0.738732,80.55,81.5,81.8,80.15
08-01-2018,0.740938,0.74073,0.744214,0.740461,80.75,80.45,81.2,80.2
08-02-2018,0.741851,0.74195,0.742501,0.73993,80.9,80.85,81.4,80.45
08-03-2018,0.740582,0.740582,0.741021,0.73564,81.4,80.95,81.8,80.3
08-06-2018,0.735981,0.736008,0.741125,0.734878,82.0,81.85,82.75,81.4
08-07-2018,0.739443,0.73959,0.740576,0.737572,80.3,82.05,82.5,80.0
08-08-2018,0.738607,0.738552,0.744103,0.738498,80.5,80.2,81.2,79.9
08-09-2018,0.742611,0.742446,0.743605,0.738492,80.5,80.3,80.65,80.25
08-10-2018,0.742661,0.742777,0.745323,0.73929,81.0,80.45,81.1,80.4
08-13-2018,0.737354,0.737246,0.737681,0.728544,80.0,79.45,80.1,79.35
08-14-2018,0.728762,0.72881,0.729288,0.726332,78.35,79.0,79.0,78.35
08-15-2018,0.726422,0.726797,0.728385,0.723788,77.6,77.55,77.6,77.35
08-16-2018,0.723798,0.723589,0.723798,0.720305,77.65,76.9,77.65,77.5
08-17-2018,0.723694,0.723369,0.728704,0.722804,77.8,77.3,77.8,77.25
08-20-2018,0.726111,0.725953,0.729022,0.725531,78.3,78.3,78.7,78.0
08-21-2018,0.730887,0.730818,0.73185,0.72965,78.9,77.8,78.9,77.75
08-22-2018,0.733622,0.733649,0.736594,0.733439,79.5,78.9,79.5,78.85
08-23-2018,0.736198,0.735981,0.73654,0.733514,79.6,79.0,79.6,78.95
08-24-2018,0.733407,0.733299,0.733407,0.726269,78.6,79.4,79.4,78.6
08-27-2018,0.724428,0.724323,0.73443,0.723898,77.65,77.6,77.95,77.4
08-28-2018,0.734268,0.734408,0.735024,0.730887,77.7,77.75,78.3,77.7
08-29-2018,0.73497,0.734862,0.736377,0.732257,76.5,77.7,77.75,76.5
08-30-2018,0.7347,0.734107,0.735078,0.727696,76.3,76.5,77.05,76.2
08-31-2018,0.731112,0.731192,0.731112,0.72619,75.6,76.65,76.75,75.6
09-03-2018,0.726164,0.726164,0.72648,0.719011,75.0,74.65,75.0,74.65
09-04-2018,0.718912,0.719321,0.722387,0.717,75.0,74.65,75.0,74.65
09-05-2018,0.720617,0.720825,0.723589,0.715932,74.6,75.65,75.65,74.6
09-06-2018,0.718546,0.718339,0.721813,0.714796,74.9,74.6,74.9,74.25
09-07-2018,0.719616,0.719611,0.721084,0.716743,75.75,74.8,75.75,74.35
09-10-2018,0.719062,0.719062,0.719238,0.712809,75.3,75.65,75.8,75.15
09-11-2018,0.711389,0.711794,0.713419,0.70999,75.9,75.15,75.9,75.15
09-12-2018,0.710884,0.710985,0.713012,0.708617,76.7,75.85,77.05,75.3
09-13-2018,0.711187,0.711071,0.718081,0.709421,76.65,76.8,77.0,76.3
09-14-2018,0.717051,0.717062,0.723014,0.716851,77.3,76.7,77.4,76.5
09-17-2018,0.718701,0.718804,0.721709,0.717129,78.15,77.4,78.2,76.9
09-18-2018,0.71426,0.714592,0.719735,0.71426,77.6,78.15,78.45,77.6
09-19-2018,0.71449,0.714592,0.722126,0.71449,78.1,77.8,78.7,77.75
09-20-2018,0.722491,0.722601,0.727431,0.721501,76.0,78.1,78.4,76.0
09-21-2018,0.725948,0.725953,0.729022,0.725521,76.1,76.1,76.4,75.65
09-24-2018,0.728704,0.728651,0.7303,0.726549,77.2,76.1,77.45,75.8
09-25-2018,0.728014,0.727855,0.728279,0.725321,76.7,77.4,77.6,76.3
09-26-2018,0.725258,0.725321,0.726375,0.723694,76.5,76.75,77.0,76.2
09-27-2018,0.724848,0.7249,0.728491,0.724113,77.0,76.7,77.35,76.45
09-28-2018,0.725531,0.725789,0.726903,0.721033,78.4,77.0,78.65,76.8
10-01-2018,0.72058,0.720513,0.724218,0.720461,78.3,78.3,78.7,77.9
10-02-2018,0.722298,0.722392,0.722804,0.720767,78.05,78.25,78.8,77.7
10-03-2018,0.72281,0.722857,0.723746,0.716332,78.35,78.05,78.95,77.8
10-04-2018,0.718701,0.718752,0.71958,0.713572,79.0,78.4,79.2,78.35
10-05-2018,0.709668,0.709623,0.710278,0.706669,78.4,79.0,79.3,78.3
10-08-2018,0.708065,0.7081,0.708662,0.704791,77.2,78.25,78.4,76.95
10-09-2018,0.705418,0.705288,0.707814,0.70431,77.0,77.25,77.8,76.6
10-10-2018,0.707314,0.707364,0.709623,0.705467,76.95,76.7,76.95,76.45
10-11-2018,0.711379,0.711491,0.713216,0.708818,77.3,77.5,77.9,77.3
10-12-2018,0.706514,0.706414,0.712809,0.706065,76.4,76.4,76.45,76.4
10-15-2018,0.712438,0.712454,0.713842,0.711202,77.3,76.45,77.3,76.9
10-16-2018,0.710671,0.710783,0.714745,0.709925,76.7,76.75,76.9,76.6
10-17-2018,0.713725,0.713542,0.715154,0.711318,75.85,76.0,76.0,75.3
10-18-2018,0.71398,0.713913,0.715968,0.711238,76.05,76.05,76.05,76.05
10-19-2018,0.711086,0.711101,0.715205,0.711086,76.0,75.75,76.0,75.7
10-22-2018,0.709552,0.709723,0.715001,0.709109,76.05,75.7,76.05,75.65
10-23-2018,0.711592,0.711329,0.712606,0.708416,75.7,75.65,76.1,75.7
10-24-2018,0.707164,0.707269,0.709119,0.705612,74.75,76.0,75.95,74.75
10-25-2018,0.70931,0.709119,0.710783,0.706864,73.25,74.75,74.75,73.25
10-26-2018,0.706314,0.706299,0.710026,0.705766,73.45,73.4,73.65,73.35
10-29-2018,0.70794,0.708115,0.708918,0.702198,73.5,73.6,73.85,73.35
10-30-2018,0.709759,0.709774,0.710889,0.707399,72.8,73.05,73.05,72.7
10-31-2018,0.706414,0.706329,0.712048,0.70596,71.65,71.9,72.1,71.35
11-01-2018,0.70992,0.709925,0.710621,0.707464,71.9,71.35,71.9,71.3
11-02-2018,0.708316,0.708316,0.720981,0.70808,72.55,71.5,72.55,71.2
11-05-2018,0.720451,0.720513,0.7259,0.719373,72.65,72.45,73.2,72.3
11-06-2018,0.719808,0.719828,0.721813,0.718391,72.2,72.5,72.55,72.15
11-07-2018,0.721241,0.721293,0.72406,0.72069,71.4,72.35,72.4,71.4
11-08-2018,0.72426,0.72436,0.730193,0.721449,71.4,71.4,72.25,71.35
11-09-2018,0.727569,0.72759,0.730092,0.726559,71.45,71.55,71.75,71.15
11-12-2018,0.726586,0.726681,0.727114,0.722439,72.35,71.55,72.35,70.7
11-13-2018,0.72271,0.7227,0.723903,0.718856,72.5,72.35,72.55,71.4
11-14-2018,0.71736,0.717566,0.722335,0.716589,72.85,72.15,72.95,71.7
11-15-2018,0.723118,0.723139,0.723788,0.718907,73.75,72.9,73.85,72.55
11-16-2018,0.723432,0.723484,0.729767,0.723369,73.45,73.75,73.8,72.6
11-19-2018,0.727188,0.727167,0.731989,0.72509,73.7,73.4,74.2,73.2
11-20-2018,0.732011,0.731797,0.732708,0.728688,72.45,73.4,73.9,72.45
11-21-2018,0.729671,0.729501,0.730193,0.723312,72.9,72.45,72.9,71.9
11-22-2018,0.721719,0.721657,0.727802,0.721084,71.45,72.55,72.85,71.2
11-23-2018,0.726222,0.726216,0.727008,0.723599,71.45,72.55,72.85,71.2
11-26-2018,0.725163,0.725021,0.725689,0.722001,72.05,71.45,72.25,71.15
11-27-2018,0.723327,0.72338,0.727696,0.722596,72.25,71.9,72.4,71.35
11-28-2018,0.722491,0.72235,0.726956,0.720513,72.85,72.25,73.0,71.8
11-29-2018,0.722919,0.722961,0.7249,0.722262,71.9,72.85,73.5,71.9
11-30-2018,0.730514,0.730252,0.734484,0.729591,70.95,71.8,72.15,70.95
12-03-2018,0.732279,0.732188,0.732708,0.728597,71.85,71.1,71.95,70.9
12-04-2018,0.737354,0.737311,0.739317,0.734916,72.5,71.85,72.55,71.5
12-05-2018,0.735565,0.735689,0.739317,0.734948,71.55,72.45,72.65,71.3
12-06-2018,0.7347,0.734592,0.73551,0.726048,72.55,71.45,72.8,71.15
12-07-2018,0.726375,0.726639,0.726375,0.719419,73.6,72.8,73.6,71.8
12-10-2018,0.723401,0.723118,0.724113,0.720648,73.9,72.9,73.9,72.75
12-11-2018,0.71836,0.718494,0.722804,0.718128,75.55,74.9,75.55,74.9
12-12-2018,0.719321,0.719099,0.7227,0.718597,76.55,76.75,76.95,76.4
12-13-2018,0.721308,0.721293,0.723317,0.720305,76.2,76.55,76.55,76.2
12-14-2018,0.721397,0.722126,0.72469,0.721293,77.25,77.55,77.25,77.25
12-17-2018,0.72223,0.722491,0.722852,0.715292,77.35,76.5,77.35,75.9
12-18-2018,0.717566,0.717566,0.718732,0.717,76.0,77.35,77.35,76.0
12-19-2018,0.717978,0.717721,0.720617,0.717139,76.85,76.05,76.85,76.0
12-20-2018,0.71899,0.718804,0.720202,0.717087,74.7,76.8,76.85,74.65
12-21-2018,0.711359,0.711389,0.714939,0.708717,74.75,75.05,75.05,74.7
12-24-2018,0.711794,0.711592,0.712301,0.707214,75.5,74.85,75.7,74.65
12-25-2018,0.7049,0.70502,0.707014,0.704558,75.65,75.3,75.8,75.25
12-26-2018,0.704771,0.705219,0.707764,0.703631,75.65,75.3,75.8,75.25
12-27-2018,0.70492,0.704612,0.707214,0.703329,75.9,76.15,76.4,75.75
12-28-2018,0.707289,0.707479,0.707764,0.701804,75.9,75.25,75.95,75.25
12-31-2018,0.703433,0.703532,0.706914,0.703092,75.2,76.65,76.65,74.9
01-01-2019,0.704325,0.704473,0.707314,0.703631,76.0,75.15,76.3,75.2
01-02-2019,0.704176,0.704176,0.711035,0.701508,76.0,75.15,76.3,75.2
01-03-2019,0.704722,0.704791,0.704821,0.69847,77.15,76.05,77.4,75.6
01-04-2019,0.692008,0.691898,0.701951,0.691946,78.85,77.7,78.85,77.45
01-07-2019,0.700722,0.700624,0.711238,0.699496,77.6,78.75,78.75,77.55
01-08-2019,0.712606,0.712378,0.714388,0.711551,78.6,77.5,78.75,77.25
01-09-2019,0.714602,0.714592,0.715103,0.711789,79.6,78.8,79.6,78.7
01-10-2019,0.71623,0.716332,0.719424,0.714388,78.15,79.6,79.75,78.05
01-11-2019,0.717648,0.717566,0.719787,0.714643,78.65,77.95,78.65,77.55
01-14-2019,0.719062,0.718701,0.723484,0.718288,77.7,78.65,78.7,77.7
01-15-2019,0.720305,0.720513,0.721719,0.717721,75.1,77.75,77.85,75.1
01-16-2019,0.720108,0.719942,0.722596,0.71854,74.6,75.2,75.45,74.4
01-17-2019,0.720669,0.720767,0.721188,0.716281,74.2,74.6,74.7,73.85
01-18-2019,0.71699,0.717309,0.717618,0.714745,75.55,74.0,75.8,73.9
01-21-2019,0.719114,0.719031,0.720513,0.716846,75.0,75.55,75.55,74.45
01-22-2019,0.716332,0.716384,0.717875,0.714061,75.0,75.55,75.55,74.45
01-23-2019,0.715922,0.715891,0.716076,0.712251,77.0,75.0,77.0,74.6
01-24-2019,0.712149,0.71221,0.714592,0.712048,77.5,77.1,77.55,76.6
01-25-2019,0.71474,0.714796,0.716692,0.708567,77.5,77.55,78.7,77.1
01-28-2019,0.708918,0.709119,0.717721,0.707699,76.2,77.55,78.2,76.2
01-29-2019,0.717978,0.717942,0.720617,0.716435,76.55,76.35,77.25,76.1
01-30-2019,0.716599,0.716599,0.717618,0.713959,77.65,76.8,77.75,76.3
01-31-2019,0.71582,0.715922,0.720617,0.715103,77.8,77.9,78.25,77.45
02-01-2019,0.725379,0.725468,0.72948,0.72469,78.9,77.95,79.05,77.5
02-04-2019,0.72722,0.727167,0.728385,0.723694,79.45,78.9,79.85,78.7
02-05-2019,0.724958,0.7249,0.725426,0.721188,78.95,79.45,79.5,78.4
02-06-2019,0.721417,0.721402,0.726691,0.719549,76.5,79.05,79.1,76.5
02-07-2019,0.724375,0.724375,0.724795,0.712271,75.75,76.5,76.9,75.4
02-08-2019,0.711283,0.710995,0.711997,0.70917,76.0,75.7,76.35,75.5
02-11-2019,0.709431,0.709542,0.710177,0.706115,76.75,76.0,76.75,75.6
02-12-2019,0.71001,0.710177,0.710752,0.706065,77.1,76.85,77.7,76.65
02-13-2019,0.706414,0.706349,0.709925,0.705567,77.15,77.0,78.0,76.85
02-14-2019,0.710278,0.71048,0.713674,0.70927,76.85,77.3,77.7,76.4
02-15-2019,0.709139,0.70922,0.713318,0.707965,76.55,76.9,77.8,76.4
02-18-2019,0.710439,0.710328,0.712504,0.70816,76.05,75.8,76.4,75.5
02-19-2019,0.714459,0.714541,0.716076,0.71255,76.05,75.8,76.4,75.5
02-20-2019,0.713063,0.713216,0.715001,0.710429,76.4,76.1,77.1,76.05
02-21-2019,0.716897,0.716692,0.717932,0.714235,75.95,76.5,76.7,75.8
02-22-2019,0.717103,0.717,0.720877,0.707739,75.1,76.0,76.2,74.9
02-25-2019,0.710712,0.710884,0.714184,0.708516,74.35,75.25,75.5,74.15
02-26-2019,0.715599,0.715922,0.718442,0.713521,75.05,74.45,75.7,74.1
02-27-2019,0.717309,0.717412,0.718494,0.714235,74.45,75.05,75.5,74.35
02-28-2019,0.71943,0.719399,0.719683,0.712962,73.5,74.65,74.8,73.0
03-01-2019,0.714592,0.714847,0.716579,0.709723,73.85,73.6,73.85,73.1
03-04-2019,0.710021,0.710278,0.712403,0.707965,73.35,73.9,73.9,72.8
03-05-2019,0.709925,0.710031,0.710076,0.707614,71.75,73.15,73.3,71.65
03-06-2019,0.709119,0.70922,0.70922,0.706015,70.25,71.8,71.9,70.0
03-07-2019,0.708868,0.708742,0.709159,0.702252,70.5,70.25,70.5,69.4
03-08-2019,0.703284,0.703482,0.705318,0.702361,70.6,70.4,70.9,70.0
03-11-2019,0.702218,0.702346,0.705318,0.700388,69.7,69.95,69.7,69.65
03-12-2019,0.70369,0.703928,0.706714,0.702711,70.0,69.6,70.0,69.4
03-13-2019,0.707199,0.707339,0.70932,0.70619,71.45,70.2,71.45,70.1
03-14-2019,0.706314,0.706414,0.708868,0.70502,71.35,71.35,71.45,71.2
03-15-2019,0.708632,0.708717,0.708717,0.704225,71.2,71.1,71.35,71.1
03-18-2019,0.706964,0.706814,0.709723,0.706764,71.7,71.35,72.0,71.35
03-19-2019,0.708416,0.708291,0.7122,0.706364,72.25,71.8,72.35,71.5
03-20-2019,0.709819,0.709975,0.711389,0.70928,72.85,72.45,72.95,72.45
03-21-2019,0.708818,0.708968,0.710379,0.705821,72.0,72.3,72.35,71.95
03-22-2019,0.713623,0.713521,0.716794,0.710318,73.3,72.4,73.3,72.4
03-25-2019,0.710783,0.710783,0.711592,0.707629,73.7,73.3,74.1,73.3
03-26-2019,0.70809,0.708316,0.711794,0.706614,73.5,73.6,73.6,73.25
03-27-2019,0.711389,0.711612,0.714796,0.711389,72.95,73.7,73.7,72.95
03-28-2019,0.713725,0.713699,0.71398,0.706964,74.05,73.05,74.05,72.9
03-29-2019,0.707914,0.708451,0.710783,0.707164,73.95,74.05,74.05,73.15
04-01-2019,0.708265,0.708316,0.71048,0.707679,75.3,74.0,75.35,73.9
04-02-2019,0.711339,0.711389,0.713216,0.710934,75.45,75.3,75.45,74.85
04-03-2019,0.711086,0.71099,0.711592,0.705418,75.35,75.3,75.65,75.05
04-04-2019,0.705617,0.705841,0.712708,0.705517,74.95,75.65,76.3,74.95
04-05-2019,0.711794,0.711749,0.712911,0.709874,74.95,75.65,76.3,74.95
04-08-2019,0.710985,0.711035,0.713216,0.70931,72.6,74.95,74.95,72.4
04-09-2019,0.710177,0.710177,0.712911,0.708868,73.15,72.85,73.65,72.6
04-10-2019,0.712149,0.712159,0.715512,0.712149,73.75,73.6,74.0,73.25
04-11-2019,0.71284,0.712911,0.71603,0.711061,73.95,73.65,74.2,73.3
04-12-2019,0.716589,0.716692,0.716897,0.712631,74.1,73.95,74.3,73.55
04-15-2019,0.712099,0.712251,0.719217,0.711668,72.55,73.9,74.55,72.55
04-16-2019,0.717412,0.717309,0.7182,0.716481,72.5,72.7,73.05,72.5
04-17-2019,0.717618,0.717618,0.718081,0.714082,71.85,72.8,73.2,71.85
04-18-2019,0.716481,0.716492,0.720565,0.715722,71.2,71.85,72.4,70.9
04-19-2019,0.717401,0.717412,0.719419,0.714745,71.5,71.2,71.75,71.15
04-22-2019,0.71473,0.714796,0.716178,0.714592,71.5,71.2,71.75,71.15
04-23-2019,0.714796,0.715103,0.715205,0.712901,71.95,71.75,72.2,71.15
04-24-2019,0.713063,0.713725,0.713419,0.708165,72.0,72.1,72.6,71.9
04-25-2019,0.709718,0.709668,0.70993,0.702296,71.7,72.1,72.5,71.7
04-26-2019,0.701361,0.701459,0.702494,0.699007,71.55,71.6,72.15,71.3
04-29-2019,0.701705,0.701779,0.70608,0.70082,73.0,71.55,73.25,71.35
04-30-2019,0.704523,0.704429,0.706414,0.703977,72.4,73.05,73.15,72.4
05-01-2019,0.705482,0.705517,0.706764,0.70326,72.8,72.55,72.9,72.3
05-02-2019,0.704871,0.705129,0.706414,0.703591,72.4,72.85,73.3,72.4
05-03-2019,0.701311,0.701459,0.702988,0.699589,71.5,72.6,72.9,71.45
05-06-2019,0.69935,0.699545,0.702494,0.698729,70.4,71.7,71.95,70.35
05-07-2019,0.697258,0.697331,0.700099,0.69635,70.35,70.35,70.8,70.3
05-08-2019,0.699447,0.699252,0.704871,0.698959,71.3,70.4,71.35,70.0
05-09-2019,0.700849,0.700849,0.702691,0.699545,71.5,71.35,72.05,71.05
05-10-2019,0.699242,0.699496,0.699594,0.696539,69.9,71.45,71.5,69.6
05-13-2019,0.69891,0.698709,0.701902,0.698602,69.55,70.3,70.45,69.5
05-14-2019,0.698329,0.698509,0.698714,0.694488,69.7,69.45,70.7,69.15
05-15-2019,0.694541,0.694589,0.695943,0.693577,70.35,69.75,70.45,69.65
05-16-2019,0.693818,0.693914,0.693818,0.691549,69.1,70.35,70.5,69.05
05-17-2019,0.692569,0.692713,0.693337,0.690084,69.4,69.25,69.8,68.85
05-20-2019,0.68918,0.689322,0.689893,0.687144,67.35,69.7,69.8,67.35
05-21-2019,0.690122,0.690322,0.693481,0.69006,67.65,67.5,68.5,67.1
05-22-2019,0.692161,0.692061,0.692521,0.686719,67.2,67.65,68.2,67.0
05-23-2019,0.692161,0.692061,0.692521,0.686719,68.35,67.1,68.35,66.8
05-24-2019,0.687853,0.687758,0.689798,0.686568,67.45,68.35,68.6,67.15
05-27-2019,0.689941,0.68996,0.692377,0.688222,66.45,67.1,67.4,66.45
05-28-2019,0.692991,0.693289,0.694011,0.691563,66.45,67.1,67.4,66.45
05-29-2019,0.692008,0.691994,0.693577,0.691706,66.45,66.4,66.75,66.1
05-30-2019,0.692641,0.692617,0.693289,0.69056,66.4,66.45,66.8,66.3
05-31-2019,0.691941,0.69184,0.693722,0.690131,66.35,66.5,66.7,65.7
06-03-2019,0.690512,0.690608,0.694396,0.69025,66.8,66.2,67.1,66.15
06-04-2019,0.692861,0.692962,0.69667,0.692842,67.6,66.8,67.6,66.75
06-05-2019,0.697039,0.697204,0.69935,0.696442,67.15,67.6,67.9,67.15
06-06-2019,0.699169,0.699139,0.70082,0.697301,66.6,67.05,67.1,66.15
06-07-2019,0.697078,0.697107,0.699252,0.696476,66.5,66.6,66.65,65.95
06-10-2019,0.697399,0.697545,0.702168,0.696481,68.0,66.7,68.15,66.7
06-11-2019,0.699609,0.699589,0.700084,0.69604,67.25,67.2,67.5,67.15
06-12-2019,0.696258,0.696112,0.696621,0.69483,67.0,67.0,67.1,67.0
06-13-2019,0.696088,0.696088,0.696282,0.694252,66.8,66.55,66.8,66.5
06-14-2019,0.692953,0.693049,0.693818,0.690241,67.65,67.05,67.65,66.8
06-17-2019,0.691181,0.691324,0.691611,0.687144,67.0,67.5,67.55,67.0
06-18-2019,0.687758,0.68789,0.688516,0.6851,67.3,66.95,67.5,66.8
06-19-2019,0.685213,0.685401,0.688089,0.683312,67.4,67.0,67.55,67.0
06-20-2019,0.688184,0.688042,0.688705,0.685636,68.45,68.05,68.8,68.0
06-21-2019,0.688516,0.688549,0.693496,0.688402,69.05,68.1,69.05,68.1
06-24-2019,0.692008,0.692238,0.693818,0.690417,69.3,69.2,69.35,68.65
06-25-2019,0.694618,0.69443,0.69701,0.69444,69.85,69.7,69.85,69.05
06-26-2019,0.696791,0.696568,0.697691,0.69541,69.55,69.85,70.45,69.55
06-27-2019,0.696379,0.696185,0.699496,0.695681,68.75,70.05,70.3,68.75
06-28-2019,0.698617,0.698661,0.700722,0.698539,67.5,68.9,68.9,67.5
07-01-2019,0.700574,0.700378,0.701902,0.699888,66.85,67.4,67.55,66.5
07-02-2019,0.702232,0.702331,0.702494,0.696088,67.65,66.8,67.65,66.3
07-03-2019,0.696519,0.696476,0.70028,0.696248,67.0,67.3,67.55,66.85
07-04-2019,0.699545,0.699594,0.703878,0.698617,68.7,67.45,68.7,67.0
07-05-2019,0.703087,0.703131,0.70502,0.70168,68.7,67.45,68.7,67.0
07-08-2019,0.702494,0.702538,0.702988,0.695889,68.25,68.7,68.8,68.2
07-09-2019,0.698129,0.698275,0.699594,0.69684,68.1,68.4,68.5,67.6
07-10-2019,0.697209,0.697399,0.697691,0.692228,68.8,68.35,69.4,68.1
07-11-2019,0.692809,0.692713,0.696476,0.691118,69.05,68.9,69.1,68.35
07-12-2019,0.695851,0.696185,0.69891,0.695512,68.65,68.85,69.5,68.65
07-15-2019,0.697496,0.697258,0.700967,0.697238,68.5,68.55,69.1,68.25
07-16-2019,0.701799,0.701779,0.703977,0.701282,67.95,68.5,68.75,67.65
07-17-2019,0.703908,0.704002,0.704523,0.701804,68.2,67.6,68.8,67.55
07-18-2019,0.701621,0.701656,0.702296,0.699722,67.55,68.25,68.9,67.55
07-19-2019,0.700869,0.701016,0.704523,0.700673,67.25,67.45,67.75,67.15
07-22-2019,0.706859,0.706719,0.707914,0.704225,68.25,67.5,68.6,66.9
07-23-2019,0.704325,0.70431,0.705816,0.70322,67.3,68.25,69.2,67.1
07-24-2019,0.703087,0.703185,0.70368,0.699682,67.5,67.0,67.5,66.55
07-25-2019,0.699692,0.699741,0.699692,0.697399,68.0,67.6,68.3,67.15
07-26-2019,0.697812,0.697934,0.698714,0.695202,67.8,67.85,68.1,66.8
07-29-2019,0.695072,0.695217,0.695701,0.69045,67.95,67.8,68.25,67.4
07-30-2019,0.690703,0.690622,0.691802,0.689722,67.3,67.5,68.15,67.1
07-31-2019,0.689893,0.689941,0.691085,0.68695,67.5,67.15,68.3,67.1
08-01-2019,0.68738,0.687522,0.690084,0.686351,67.2,67.55,68.2,66.75
08-02-2019,0.684491,0.68465,0.68654,0.683153,68.2,67.2,68.2,66.75
08-05-2019,0.68042,0.680351,0.681989,0.676521,68.2,68.2,68.5,67.8
08-06-2019,0.679071,0.679302,0.680504,0.674992,68.2,68.5,68.75,67.4
08-07-2019,0.676311,0.676352,0.679995,0.676311,69.25,68.1,69.65,68.0
08-08-2019,0.676224,0.676302,0.678279,0.667851,69.9,69.25,70.3,68.9
08-09-2019,0.675813,0.675813,0.682128,0.675083,69.15,69.5,69.55,69.15
08-12-2019,0.681199,0.681171,0.681854,0.679348,69.15,68.7,69.35,68.7
08-13-2019,0.678104,0.677681,0.679542,0.674618,69.25,68.7,70.35,68.4
08-14-2019,0.675639,0.675589,0.681756,0.674855,69.0,69.25,69.5,67.7
08-15-2019,0.67968,0.679777,0.680508,0.673682,70.4,69.35,70.4,69.25
08-16-2019,0.67552,0.675402,0.678841,0.675447,70.3,70.1,70.5,70.05
08-19-2019,0.677282,0.677277,0.679579,0.67714,72.0,71.45,72.0,71.4
08-20-2019,0.678656,0.678661,0.679117,0.676819,73.0,72.75,73.05,72.55
08-21-2019,0.675662,0.675584,0.679532,0.675662,74.4,73.1,74.6,73.05
08-22-2019,0.677461,0.677521,0.679995,0.677369,73.4,73.85,73.9,73.4
08-23-2019,0.67838,0.6785,0.678518,0.675174,74.0,73.35,74.0,73.3
08-26-2019,0.675689,0.675584,0.67769,0.673741,74.55,73.95,74.55,73.8
08-27-2019,0.670911,0.670808,0.678841,0.670911,74.85,74.55,74.85,74.3
08-28-2019,0.677002,0.676956,0.67769,0.674764,75.8,75.25,75.9,75.2
08-29-2019,0.675493,0.675438,0.676087,0.673568,75.5,75.55,75.8,75.35
08-30-2019,0.673968,0.673959,0.675493,0.671808,76.4,75.6,76.4,74.55
09-02-2019,0.673559,0.673582,0.674082,0.670781,76.4,75.6,76.4,74.55
09-03-2019,0.672671,0.672766,0.673582,0.671051,76.4,75.6,76.4,74.55
09-04-2019,0.671276,0.671249,0.675904,0.668896,75.0,74.85,75.3,74.75
09-05-2019,0.676489,0.676398,0.679995,0.675995,76.25,75.6,76.6,75.3
09-06-2019,0.67981,0.679995,0.683013,0.679717,77.05,76.8,77.2,76.7
09-09-2019,0.68125,0.68118,0.686201,0.680782,75.35,76.75,77.1,75.35
09-10-2019,0.684622,0.684669,0.687711,0.68391,75.0,75.25,76.1,75.0
09-11-2019,0.686436,0.68653,0.687002,0.684969,74.95,75.1,75.35,74.1
09-12-2019,0.68573,0.685852,0.688492,0.684941,74.2,74.95,75.5,73.9
09-13-2019,0.687474,0.68738,0.689465,0.686342,74.25,74.05,74.75,73.75
09-16-2019,0.686577,0.686389,0.68918,0.686012,75.1,74.3,75.15,73.9
09-17-2019,0.687952,0.687994,0.68861,0.685462,75.6,75.15,75.75,74.75
09-18-2019,0.686342,0.686295,0.686719,0.683107,76.0,75.75,76.1,75.2
09-19-2019,0.686639,0.686625,0.686639,0.682962,76.1,76.0,76.65,75.6
09-20-2019,0.682352,0.682571,0.682352,0.67815,76.6,76.1,76.6,75.8
09-23-2019,0.679025,0.679279,0.681106,0.676727,76.6,76.5,76.7,75.2
09-24-2019,0.676879,0.676901,0.67838,0.676636,76.25,76.6,76.8,75.8
09-25-2019,0.677415,0.677599,0.680689,0.676636,76.5,76.4,76.75,76.0
09-26-2019,0.679791,0.679948,0.680318,0.674036,78.0,76.5,78.0,76.2
09-27-2019,0.675402,0.675539,0.678012,0.674764,78.0,78.05,78.15,77.25
09-30-2019,0.67527,0.675402,0.677966,0.674445,77.9,78.0,78.05,77.3
10-01-2019,0.676128,0.676087,0.676819,0.674172,78.15,77.9,79.05,77.75
10-02-2019,0.675402,0.675311,0.676009,0.667379,78.6,78.35,78.75,77.5
10-03-2019,0.670839,0.670871,0.672088,0.667156,77.5,78.6,79.45,76.8
10-04-2019,0.670916,0.670961,0.675402,0.670421,76.4,77.55,77.65,76.4
10-07-2019,0.6746,0.674532,0.676956,0.674418,75.1,76.4,76.4,75.1
10-08-2019,0.676453,0.676453,0.67659,0.673278,75.0,75.2,76.45,75.0
10-09-2019,0.67331,0.673251,0.675904,0.67249,76.05,74.75,76.05,74.7
10-10-2019,0.672948,0.672812,0.674955,0.672658,74.5,75.35,75.7,74.5
10-11-2019,0.671998,0.671817,0.677094,0.671438,73.55,73.5,73.85,73.55
10-14-2019,0.67621,0.67632,0.681106,0.676032,72.9,73.2,73.3,72.7
10-15-2019,0.67944,0.679639,0.680101,0.675174,72.95,72.4,72.95,72.1
10-16-2019,0.6773,0.67754,0.678933,0.674409,72.55,72.3,72.6,72.2
10-17-2019,0.675338,0.67532,0.675589,0.67243,72.3,72.2,72.3,72.0
10-18-2019,0.67547,0.675639,0.6836,0.67544,73.0,72.4,73.25,72.05
10-21-2019,0.6827,0.682547,0.6853,0.6824,73.9,73.4,73.9,73.3
10-22-2019,0.684871,0.684772,0.6883,0.684871,74.0,74.3,74.4,73.7
10-23-2019,0.687068,0.687059,0.688369,0.6851,73.1,74.0,74.5,73.1
10-24-2019,0.686059,0.68613,0.6863,0.683462,72.95,73.2,73.3,72.9
10-25-2019,0.68503,0.68503,0.686,0.68138,72.6,73.3,73.4,72.6
10-28-2019,0.681742,0.681663,0.68362,0.6811,72.75,72.5,73.5,72.45
10-29-2019,0.682249,0.6824,0.68398,0.68116,72.05,72.75,73.0,72.05
10-30-2019,0.68398,0.68396,0.6873,0.68398,71.0,72.05,72.0,70.9
10-31-2019,0.68571,0.685589,0.6878,0.685002,71.6,71.0,71.6,70.75
11-01-2019,0.690131,0.689788,0.6932,0.688909,72.8,71.9,72.8,71.4
11-04-2019,0.68935,0.689299,0.69206,0.68845,72.0,73.0,73.05,71.95
11-05-2019,0.691659,0.6918,0.6927,0.68948,73.3,72.3,73.3,71.9
11-06-2019,0.68871,0.689028,0.6929,0.68788,73.2,73.25,73.35,72.9
11-07-2019,0.68897,0.689085,0.691,0.68767,73.2,73.4,74.6,73.05
11-08-2019,0.687947,0.68773,0.6913,0.686262,73.4,73.6,74.1,72.75
11-11-2019,0.68658,0.6861,0.6869,0.684861,73.5,72.95,73.55,72.6
11-12-2019,0.685909,0.6858,0.6866,0.68478,73.2,73.55,73.6,72.9
11-13-2019,0.68486,0.685025,0.6859,0.68323,74.35,73.15,74.5,73.0
11-14-2019,0.68418,0.6844,0.6856,0.68221,73.3,74.35,74.95,73.3
11-15-2019,0.68398,0.68395,0.68415,0.67704,73.2,73.3,73.75,72.65
11-18-2019,0.67873,0.678831,0.6817,0.67815,73.6,72.7,74.0,72.4
11-19-2019,0.681529,0.681598,0.6824,0.67991,72.75,73.65,73.9,72.55
11-20-2019,0.680522,0.680522,0.68331,0.6786,71.55,72.6,73.1,71.5
11-21-2019,0.68259,0.68249,0.6833,0.67967,71.75,71.6,71.9,70.9
11-22-2019,0.679948,0.6799,0.681408,0.6787,72.25,71.7,72.4,71.2
11-25-2019,0.67882,0.678942,0.680351,0.67818,72.65,72.3,73.1,72.2
11-26-2019,0.6792,0.6792,0.6801,0.67686,72.6,72.45,72.6,71.75
11-27-2019,0.67767,0.67764,0.67933,0.67725,72.3,72.7,72.9,72.15
11-28-2019,0.67875,0.6789,0.679302,0.67724,72.4,72.3,72.65,71.5
11-29-2019,0.676911,0.67672,0.6775,0.676229,72.4,72.3,72.65,71.5
12-02-2019,0.676865,0.6769,0.6781,0.67559,73.0,72.3,73.7,71.9
12-03-2019,0.676489,0.67648,0.6824,0.67648,73.95,73.25,74.2,73.0
12-04-2019,0.681752,0.681882,0.6863,0.681659,76.35,74.25,76.45,73.9
12-05-2019,0.68503,0.68487,0.6857,0.68142,76.4,76.35,77.2,76.3
12-06-2019,0.68491,0.68496,0.685542,0.682142,76.2,76.45,76.5,76.05
12-09-2019,0.683438,0.6833,0.68573,0.68243,75.0,76.35,76.45,75.0
12-10-2019,0.683541,0.683532,0.6838,0.68208,74.55,75.15,75.45,74.35
12-11-2019,0.6827,0.6828,0.6839,0.680092,74.0,74.15,74.3,73.95
12-12-2019,0.68129,0.68114,0.6869,0.68052,73.7,73.35,73.85,73.35
12-13-2019,0.687059,0.687049,0.69088,0.687059,75.7,74.5,75.8,74.55
12-16-2019,0.692521,0.692713,0.693,0.68653,75.9,75.85,76.1,75.75
12-17-2019,0.68752,0.687479,0.69,0.68695,76.25,76.15,76.25,76.15
12-18-2019,0.687512,0.687432,0.688,0.68389,76.6,76.6,76.6,76.2
12-19-2019,0.6852,0.68526,0.6865,0.684018,76.1,76.0,76.45,75.75
12-20-2019,0.685551,0.68547,0.68881,0.685439,74.7,74.6,75.1,74.6
12-23-2019,0.68904,0.6893,0.6908,0.688563,73.55,74.0,74.15,73.5
12-24-2019,0.690622,0.69039,0.6931,0.689779,73.45,73.55,73.9,73.45
12-25-2019,0.692578,0.69252,0.6932,0.69131,73.8,73.6,74.1,73.55
12-26-2019,0.692281,0.692185,0.692713,0.691611,73.8,73.6,74.1,73.55
12-27-2019,0.6928,0.692473,0.694203,0.692185,74.7,74.05,74.7,74.05
12-30-2019,0.6948,0.694637,0.6986,0.69437,74.2,74.7,74.8,74.15
12-31-2019,0.698392,0.6983,0.7007,0.698392,74.0,74.25,75.3,74.0
01-01-2020,0.70029,0.70014,0.703274,0.69998,73.35,74.45,74.65,73.35
01-02-2020,0.701508,0.7017,0.7045,0.701508,73.35,74.45,74.65,73.35
01-03-2020,0.701892,0.701951,0.7021,0.69813,73.75,73.55,74.0,73.3
01-06-2020,0.69837,0.698519,0.698661,0.69314,73.6,73.65,74.05,73.5
01-07-2020,0.694729,0.69442,0.6959,0.692602,71.5,72.65,72.9,70.7
01-08-2020,0.69372,0.693731,0.6941,0.686111,71.8,71.4,71.9,70.85
01-09-2020,0.685951,0.68604,0.6886,0.68497,70.2,71.35,71.8,70.05
01-10-2020,0.68754,0.68738,0.68807,0.6852,70.65,70.15,71.1,70.0
01-13-2020,0.685439,0.685321,0.69067,0.685119,70.05,70.6,70.75,69.9
01-14-2020,0.689812,0.69006,0.6922,0.68956,71.45,70.0,71.45,69.85
01-15-2020,0.68977,0.68989,0.691,0.68865,71.15,71.45,71.5,70.7
01-16-2020,0.6894,0.689655,0.6914,0.68788,70.9,70.9,71.1,70.2
01-17-2020,0.690799,0.69078,0.6935,0.68927,73.15,70.75,73.15,70.5
01-20-2020,0.68975,0.6901,0.6913,0.68729,74.3,73.4,74.5,73.2
01-21-2020,0.688288,0.688179,0.689,0.685598,74.3,73.4,74.5,73.2
01-22-2020,0.68768,0.68764,0.6882,0.6845,75.05,74.45,75.4,74.3
01-23-2020,0.68473,0.68469,0.6858,0.68279,73.25,75.15,75.3,73.25
01-24-2020,0.684228,0.684299,0.688,0.683088,72.65,73.25,73.4,72.5
01-27-2020,0.684781,0.68398,0.6858,0.68203,73.1,72.75,73.5,72.6
01-28-2020,0.680291,0.680189,0.6819,0.67544,73.7,73.35,74.1,72.95
01-29-2020,0.67611,0.67617,0.6767,0.673918,72.85,73.7,73.7,72.7
01-30-2020,0.67641,0.676421,0.678,0.673668,73.25,72.9,73.55,72.45
01-31-2020,0.67521,0.675219,0.675279,0.67017,73.0,73.25,73.6,72.6
02-03-2020,0.670871,0.670826,0.6729,0.66836,73.5,72.85,74.1,72.8
02-04-2020,0.669232,0.669362,0.6709,0.66844,73.25,73.65,74.35,72.85
02-05-2020,0.668999,0.66905,0.67353,0.668061,69.75,73.35,74.0,69.75
02-06-2020,0.67329,0.673179,0.6775,0.67249,69.65,69.7,70.1,69.4
02-07-2020,0.675178,0.67518,0.6766,0.673138,70.0,69.9,70.3,69.55
02-10-2020,0.673219,0.6734,0.673265,0.66627,71.15,70.05,71.15,69.9
02-11-2020,0.66696,0.667232,0.6708,0.66696,71.5,71.15,72.1,70.7
02-12-2020,0.668869,0.66901,0.673655,0.668311,70.75,71.55,71.8,70.6
02-13-2020,0.671962,0.6721,0.6751,0.67138,70.25,70.85,71.2,69.7
02-14-2020,0.67131,0.67132,0.674432,0.67127,69.85,70.25,70.3,69.2
02-17-2020,0.67198,0.6722,0.6731,0.6711,70.55,69.85,70.8,69.7
02-18-2020,0.672509,0.672599,0.673446,0.67136,70.55,69.85,70.8,69.7
02-19-2020,0.670979,0.6712,0.671006,0.667472,70.85,70.8,71.2,70.3
02-20-2020,0.66948,0.6696,0.670745,0.66659,70.2,70.85,71.4,69.75
02-21-2020,0.66809,0.6684,0.6692,0.66109,70.8,70.15,71.2,69.7
02-24-2020,0.66126,0.66138,0.663967,0.65868,70.75,70.8,71.4,70.2
02-25-2020,0.660559,0.66069,0.6621,0.65878,70.55,70.85,71.15,69.9
02-26-2020,0.66112,0.661201,0.6624,0.658718,71.5,70.55,71.8,70.2
02-27-2020,0.66045,0.66052,0.6606,0.65534,70.9,71.55,72.4,70.7
02-28-2020,0.654892,0.654652,0.659152,0.654639,71.4,70.85,72.0,70.8
03-02-2020,0.65806,0.65802,0.65849,0.6443,67.25,71.5,71.5,67.25
03-03-2020,0.651538,0.651631,0.6569,0.64894,66.4,67.45,67.6,66.4
03-04-2020,0.65458,0.65475,0.6645,0.650999,65.9,66.4,66.7,65.65
03-05-2020,0.65865,0.65822,0.6629,0.65865,66.0,65.8,66.7,65.65
03-06-2020,0.66263,0.66269,0.663702,0.658618,67.6,65.9,67.75,65.9
03-09-2020,0.661831,0.661551,0.665823,0.65861,68.6,67.75,68.65,67.6
03-10-2020,0.661424,0.661358,0.66835,0.63359,68.0,67.6,68.3,67.6
03-11-2020,0.66006,0.6598,0.6605,0.647429,68.05,68.35,68.6,68.05
03-12-2020,0.64957,0.64991,0.65395,0.648959,67.05,67.65,67.7,66.9
03-13-2020,0.64785,0.64794,0.6481,0.626999,67.2,67.05,67.55,67.05
03-16-2020,0.62821,0.627412,0.63231,0.6154,68.25,67.15,68.5,66.9
03-17-2020,0.617871,0.617768,0.618912,0.60814,67.9,68.25,68.25,67.65
03-18-2020,0.61045,0.609942,0.6148,0.59608,66.9,67.4,67.5,66.85
03-19-2020,0.59883,0.59922,0.602678,0.581791,66.6,67.1,67.1,66.6
03-20-2020,0.57995,0.58098,0.59624,0.552,67.05,67.0,67.05,66.6
03-23-2020,0.57464,0.57429,0.59785,0.571177,67.55,67.05,67.55,66.95
03-24-2020,0.575526,0.575331,0.58402,0.57021,67.8,68.05,68.4,67.7
03-25-2020,0.58763,0.58766,0.59741,0.586889,67.5,67.6,67.65,67.15
03-26-2020,0.59684,0.59755,0.606999,0.59345,68.75,67.65,69.1,67.4
03-27-2020,0.59044,0.59081,0.60655,0.58715,69.45,68.75,70.4,68.7
03-30-2020,0.60751,0.60791,0.613098,0.6025,69.65,69.4,69.95,68.4
03-31-2020,0.617219,0.618058,0.61823,0.6117,70.2,69.95,70.7,69.8
04-01-2020,0.616432,0.616899,0.62097,0.60817,70.25,70.4,72.1,70.25
04-02-2020,0.61401,0.6137,0.61464,0.60412,71.2,72.2,72.55,70.8
04-03-2020,0.60876,0.60914,0.6119,0.60116,70.5,71.3,71.85,70.05
04-06-2020,0.60689,0.606322,0.6076,0.59817,70.35,70.5,70.7,69.5
04-07-2020,0.599628,0.59947,0.61056,0.59924,68.3,70.35,71.0,68.15
04-08-2020,0.61183,0.61176,0.620848,0.60985,67.85,68.3,69.2,67.75
04-09-2020,0.61545,0.61522,0.623679,0.611741,67.15,67.7,68.3,66.85
04-10-2020,0.623519,0.623531,0.6313,0.61966,67.8,67.3,68.25,67.2
04-13-2020,0.6335,0.63326,0.637,0.63146,67.8,67.3,68.25,67.2
04-14-2020,0.633931,0.633521,0.638529,0.63321,68.2,68.3,69.2,68.0
04-15-2020,0.63981,0.640111,0.643261,0.637662,67.15,68.2,68.6,66.7
04-16-2020,0.643376,0.64343,0.643459,0.62854,67.3,67.25,67.5,66.7
04-17-2020,0.6309,0.63089,0.6332,0.626649,67.5,67.7,69.6,67.2
04-20-2020,0.636173,0.63586,0.638244,0.63168,65.75,67.7,68.5,65.1
04-21-2020,0.634011,0.634019,0.639341,0.63373,63.8,65.8,65.9,63.3
04-22-2020,0.63465,0.63457,0.63465,0.62552,61.9,64.1,64.4,61.85
04-23-2020,0.62968,0.6294,0.6353,0.62817,60.6,61.5,62.4,60.35
04-24-2020,0.6298,0.6299,0.6405,0.62887,61.6,60.6,61.6,60.5
04-27-2020,0.637841,0.63768,0.63841,0.63386,61.6,61.6,62.4,61.5
04-28-2020,0.639713,0.639754,0.6471,0.639509,61.5,61.6,62.0,61.25
04-29-2020,0.6453,0.644912,0.651292,0.64352,62.3,61.4,62.3,61.35
04-30-2020,0.650288,0.65027,0.6547,0.65013,62.55,62.05,62.85,61.7
05-01-2020,0.6555,0.655501,0.65696,0.64917,63.75,62.5,63.85,62.1
05-04-2020,0.64959,0.64955,0.64959,0.64186,63.1,63.75,63.9,62.7
05-05-2020,0.6381,0.637682,0.643161,0.637328,63.55,63.1,63.55,62.45
05-06-2020,0.64281,0.642612,0.64742,0.64182,62.6,63.5,63.9,62.45
05-07-2020,0.64334,0.6436,0.6453,0.64081,62.25,62.6,63.0,62.25
05-08-2020,0.639918,0.639076,0.650001,0.63961,63.0,62.25,63.2,62.05
05-11-2020,0.65038,0.65033,0.6548,0.649958,62.6,63.0,64.7,62.4
05-12-2020,0.653531,0.65371,0.6561,0.64651,62.35,62.5,62.75,62.0
05-13-2020,0.648559,0.648466,0.6536,0.64332,63.2,62.35,63.35,62.25
05-14-2020,0.645732,0.64553,0.65219,0.64536,63.6,63.2,63.9,63.0
05-15-2020,0.64514,0.645494,0.646,0.64053,64.35,63.9,65.2,63.9
05-18-2020,0.647119,0.647124,0.6474,0.640361,63.8,64.4,65.0,63.5
05-19-2020,0.64269,0.642579,0.651661,0.642096,64.1,63.95,64.2,63.8
05-20-2020,0.65239,0.6526,0.65708,0.6511,64.0,64.05,65.1,63.8
05-21-2020,0.65431,0.654009,0.66156,0.65284,63.9,64.15,64.4,63.8
05-22-2020,0.65894,0.65923,0.659805,0.65492,64.15,64.0,64.2,63.65
05-25-2020,0.65693,0.656689,0.6574,0.65076,64.1,64.15,64.35,63.5
05-26-2020,0.654793,0.654579,0.655,0.6521,64.1,64.15,64.35,63.5
05-27-2020,0.65486,0.65474,0.665921,0.65438,64.0,64.35,64.75,64.0
05-28-2020,0.664673,0.66467,0.668,0.6573,64.5,64.05,64.6,63.6
05-29-2020,0.66205,0.662081,0.6668,0.65894,64.25,64.45,64.6,64.2
06-01-2020,0.663381,0.66335,0.66836,0.66206,64.9,64.25,64.95,63.7
06-02-2020,0.665921,0.665978,0.67872,0.665921,65.05,65.0,65.4,64.5
06-03-2020,0.6788,0.6786,0.689332,0.67757,65.4,65.05,65.4,64.5
06-04-2020,0.69153,0.69142,0.6983,0.685758,65.7,65.2,66.15,65.1
06-05-2020,0.692914,0.692905,0.6988,0.68839,65.75,65.65,66.2,65.6
06-08-2020,0.6942,0.69399,0.70133,0.6932,65.4,65.35,65.45,65.0
06-09-2020,0.6993,0.70024,0.7004,0.69628,65.15,64.75,65.45,64.8
06-10-2020,0.7023,0.702449,0.704077,0.69003,65.7,65.3,65.7,65.25
06-11-2020,0.69401,0.6943,0.7021,0.6933,64.75,65.7,65.7,64.75
06-12-2020,0.69677,0.69683,0.6996,0.68814,65.3,64.75,65.7,64.4
06-15-2020,0.68303,0.683088,0.69111,0.6801,64.95,64.85,65.2,64.6
06-16-2020,0.68292,0.682501,0.68693,0.678,65.6,65.05,65.95,65.0
06-17-2020,0.69614,0.69582,0.697228,0.68379,65.1,65.05,65.5,65.0
06-18-2020,0.68947,0.689532,0.69205,0.68526,65.8,66.1,66.0,65.8
06-19-2020,0.687711,0.68757,0.6903,0.68386,65.35,65.5,65.5,65.3
06-22-2020,0.6857,0.685721,0.6911,0.68422,65.0,65.15,65.45,64.95
06-23-2020,0.682179,0.682291,0.69105,0.682031,65.8,65.2,66.0,65.2
06-24-2020,0.692929,0.69316,0.697496,0.68642,66.65,66.0,66.65,65.75
06-25-2020,0.69444,0.69403,0.6964,0.6866,67.3,67.1,67.45,66.9
06-26-2020,0.68586,0.685678,0.689,0.68482,67.35,67.3,67.35,66.65
06-29-2020,0.68884,0.688819,0.6898,0.68423,68.2,67.85,68.5,67.8
06-30-2020,0.68621,0.686191,0.68898,0.68419,69.55,68.1,69.8,67.9
07-01-2020,0.68704,0.687191,0.691118,0.683401,69.1,69.55,69.8,68.8
07-02-2020,0.69005,0.6902,0.694372,0.68786,69.3,69.1,69.7,68.55
07-03-2020,0.6914,0.691324,0.69497,0.69043,68.45,69.45,69.4,68.45
07-06-2020,0.69201,0.69192,0.694589,0.69142,68.45,69.45,69.4,68.45
07-07-2020,0.6953,0.69484,0.69875,0.6948,68.5,68.3,69.1,68.0
07-08-2020,0.6971,0.6977,0.69979,0.69236,67.8,68.45,68.85,67.8
07-09-2020,0.693852,0.694232,0.697462,0.69293,67.05,67.75,68.25,67.0
07-10-2020,0.698529,0.69891,0.7002,0.695159,67.75,67.15,67.75,66.85
07-13-2020,0.696282,0.695894,0.69677,0.69247,68.7,67.65,68.9,67.6
07-14-2020,0.6949,0.695028,0.6992,0.694112,67.0,68.6,69.1,66.85
07-15-2020,0.69367,0.694011,0.697399,0.69226,65.85,66.8,67.1,65.85
07-16-2020,0.69881,0.6989,0.70372,0.698758,66.45,65.85,66.9,65.7
07-17-2020,0.7007,0.700918,0.701213,0.69718,65.75,66.55,66.8,65.4
07-20-2020,0.69764,0.6978,0.6995,0.697525,66.25,65.7,66.6,65.6
07-21-2020,0.70027,0.7005,0.7017,0.697496,66.65,66.2,66.95,66.05
07-22-2020,0.702459,0.702593,0.711997,0.70162,65.9,66.65,66.9,65.75
07-23-2020,0.71398,0.71356,0.718112,0.71138,66.9,66.15,66.9,65.9
07-24-2020,0.71387,0.714082,0.716178,0.70933,67.1,66.9,67.2,66.65
07-27-2020,0.70991,0.71001,0.712606,0.706514,67.4,67.1,67.65,67.0
07-28-2020,0.71,0.709819,0.71497,0.709819,68.05,67.7,68.1,67.4
07-29-2020,0.715809,0.7159,0.717618,0.71147,68.75,68.15,69.25,68.1
07-30-2020,0.71608,0.716025,0.719321,0.71497,68.25,68.75,68.8,67.1
07-31-2020,0.7176,0.71717,0.7187,0.71241,67.75,68.25,68.6,67.5
08-03-2020,0.72026,0.720368,0.722909,0.71546,68.0,67.85,68.45,67.7
08-04-2020,0.714771,0.714689,0.7152,0.707729,68.35,67.4,68.35,67.4
08-05-2020,0.71163,0.711794,0.71586,0.710651,67.9,68.0,68.25,67.9
08-06-2020,0.71769,0.71771,0.72394,0.71674,68.0,68.2,68.2,67.35
08-07-2020,0.72,0.71991,0.723,0.71761,68.6,68.05,68.6,68.3
08-10-2020,0.72296,0.7231,0.7243,0.71601,68.8,68.15,68.85,67.95
08-11-2020,0.715758,0.715712,0.71835,0.71409,68.9,69.4,69.55,68.9
08-12-2020,0.71553,0.7158,0.7191,0.71463,70.05,68.9,70.05,68.9
08-13-2020,0.7149,0.71452,0.71725,0.71104,71.3,70.0,71.5,70.35
08-14-2020,0.717103,0.716486,0.718809,0.71569,70.5,71.25,71.4,70.2
08-17-2020,0.71479,0.71488,0.71731,0.7133,70.1,70.2,70.4,69.85
08-18-2020,0.7194,0.719259,0.7227,0.71721,69.8,70.0,70.2,69.8
08-19-2020,0.721522,0.721813,0.72647,0.72099,70.35,69.8,70.6,69.8
08-20-2020,0.72536,0.725795,0.7276,0.72286,71.05,70.6,71.05,70.3
08-21-2020,0.718458,0.718804,0.7194,0.71375,70.3,71.0,71.0,70.3
08-24-2020,0.720622,0.720612,0.721605,0.71407,69.95,70.15,70.3,69.9
08-25-2020,0.716091,0.716137,0.720409,0.715569,69.85,70.35,70.6,69.85
08-26-2020,0.71688,0.71689,0.7193,0.7154,70.2,69.8,70.2,69.7
08-27-2020,0.71982,0.719932,0.723118,0.71883,71.3,70.55,71.3,70.5
08-28-2020,0.72447,0.724501,0.729012,0.72191,70.3,71.2,71.2,70.3
08-31-2020,0.726992,0.72699,0.735781,0.72564,70.5,70.45,71.05,70.2
09-01-2020,0.737039,0.7373,0.73999,0.73422,71.8,70.8,71.8,70.65
09-02-2020,0.73811,0.7381,0.7413,0.73683,71.8,72.15,72.55,71.65
09-03-2020,0.73765,0.737849,0.7381,0.73021,71.4,71.8,71.9,71.05
09-04-2020,0.7329,0.733111,0.733514,0.72698,71.3,71.4,71.6,71.15
09-07-2020,0.7259,0.725584,0.7299,0.72241,72.15,71.45,72.45,71.45
09-08-2020,0.72812,0.728221,0.729874,0.72713,72.15,71.45,72.45,71.45
09-09-2020,0.72804,0.7281,0.73083,0.72188,71.4,72.15,72.2,70.9
09-10-2020,0.72097,0.72094,0.7281,0.72065,72.6,71.55,72.6,71.4
09-11-2020,0.727802,0.72766,0.73244,0.72628,72.05,72.55,72.9,72.05
09-14-2020,0.72643,0.7263,0.73078,0.72598,71.55,72.05,72.25,71.3
09-15-2020,0.72839,0.728152,0.73062,0.72649,72.65,71.95,72.7,71.6
09-16-2020,0.72812,0.7286,0.734484,0.7268,72.45,72.7,73.2,72.3
09-17-2020,0.729512,0.729682,0.7346,0.729038,72.5,72.45,72.9,72.1
09-18-2020,0.72964,0.72955,0.731422,0.72558,73.5,72.8,73.5,72.0
09-21-2020,0.73179,0.73131,0.73331,0.72835,73.05,73.15,73.6,72.95
09-22-2020,0.729389,0.729341,0.7326,0.72006,75.05,73.05,75.4,73.0
09-23-2020,0.72283,0.723118,0.7237,0.71659,75.25,75.0,75.6,74.8
09-24-2020,0.717412,0.717443,0.717721,0.708828,76.15,75.35,76.4,75.35
09-25-2020,0.7071,0.7069,0.708215,0.701769,75.2,76.15,76.25,75.2
09-28-2020,0.705632,0.705716,0.7089,0.7007,75.2,75.2,75.5,74.55
09-29-2020,0.704325,0.704191,0.7075,0.703339,75.75,75.2,76.0,75.1
09-30-2020,0.709623,0.70952,0.7138,0.70751,76.3,75.75,76.6,75.1
10-01-2020,0.71458,0.71436,0.7172,0.71005,76.7,76.25,77.2,76.2
10-02-2020,0.71675,0.716651,0.721,0.71559,77.4,76.1,77.6,76.1
10-05-2020,0.718112,0.718288,0.7186,0.71346,78.4,78.6,78.7,78.35
10-06-2020,0.717401,0.717721,0.719424,0.71638,79.15,78.75,79.4,78.75
10-07-2020,0.71913,0.719321,0.720871,0.7146,78.3,78.4,78.4,78.05
10-08-2020,0.71104,0.71101,0.71516,0.70993,79.05,78.4,79.2,78.4
10-09-2020,0.713725,0.71382,0.71702,0.712428,78.5,79.5,79.6,78.5
10-12-2020,0.71752,0.7178,0.7242,0.716969,76.85,78.05,78.05,76.7
10-13-2020,0.722309,0.72246,0.723798,0.72062,75.7,76.1,76.5,75.15
10-14-2020,0.720918,0.721188,0.720918,0.715733,74.3,74.85,75.4,74.1
10-15-2020,0.7167,0.71644,0.7192,0.71558,74.9,74.75,75.3,74.7
10-16-2020,0.71426,0.714148,0.7148,0.70565,74.9,74.7,74.9,74.45
10-19-2020,0.70873,0.70884,0.709824,0.70711,75.1,75.55,75.8,75.1
10-20-2020,0.7094,0.7096,0.711794,0.70842,75.9,75.05,76.25,75.0
10-21-2020,0.70536,0.705617,0.706015,0.70212,75.8,75.45,75.8,75.1
10-22-2020,0.705119,0.705,0.7128,0.705119,77.2,76.05,77.35,75.85
10-23-2020,0.7104,0.71056,0.7118,0.7087,77.75,77.65,78.1,77.65
10-26-2020,0.71271,0.71261,0.7158,0.71016,78.0,77.5,78.1,77.25
10-27-2020,0.71314,0.713201,0.7147,0.71047,78.5,78.25,79.0,77.95
10-28-2020,0.712012,0.71171,0.7145,0.71181,77.4,78.6,78.8,77.35
10-29-2020,0.7122,0.71231,0.715717,0.70397,76.6,77.4,77.6,76.6
10-30-2020,0.70554,0.70552,0.707914,0.70046,75.9,76.65,76.65,75.3
11-02-2020,0.70364,0.70376,0.70709,0.701218,75.8,75.9,76.7,75.7
11-03-2020,0.700972,0.70082,0.7054,0.69934,76.5,76.0,77.2,75.8
11-04-2020,0.7055,0.70537,0.717412,0.702948,76.1,76.5,77.1,76.05
11-05-2020,0.71971,0.719683,0.7216,0.70512,76.25,76.15,76.35,75.55
11-06-2020,0.7176,0.71805,0.72753,0.71468,77.5,75.8,77.7,75.5
11-09-2020,0.726232,0.72627,0.72879,0.72409,77.65,77.5,78.3,77.2
11-10-2020,0.7289,0.728672,0.73396,0.726829,78.45,77.3,78.7,77.1
11-11-2020,0.72776,0.7282,0.7296,0.725358,76.25,78.5,78.65,76.25
11-12-2020,0.72836,0.72817,0.731775,0.72618,76.8,76.45,77.2,76.25
11-13-2020,0.72831,0.728428,0.729411,0.7248,76.7,76.9,77.2,76.7
11-16-2020,0.72416,0.724019,0.72636,0.72224,76.55,76.7,77.1,76.1
11-17-2020,0.728741,0.729081,0.7326,0.72809,76.85,76.55,77.9,76.4
11-18-2020,0.731989,0.7321,0.733999,0.72896,76.0,76.95,77.7,75.75
11-19-2020,0.72962,0.7296,0.7329,0.72734,75.1,76.0,76.25,74.9
11-20-2020,0.7296,0.730199,0.730018,0.72555,77.0,75.05,77.0,74.8
11-23-2020,0.72713,0.72691,0.7325,0.72713,76.6,76.85,77.4,76.6
11-24-2020,0.731261,0.7317,0.7338,0.72666,76.3,76.6,77.3,76.3
11-25-2020,0.72953,0.72982,0.7369,0.72921,76.05,76.6,76.8,75.7
11-26-2020,0.73659,0.73667,0.7374,0.73259,76.45,76.05,76.6,76.0
11-27-2020,0.736594,0.736485,0.7376,0.73543,76.45,76.05,76.6,76.0
11-30-2020,0.73561,0.7358,0.739919,0.73531,77.6,76.4,77.6,76.3
12-01-2020,0.740132,0.740028,0.741,0.7349,77.5,77.55,77.7,76.65
12-02-2020,0.735971,0.73568,0.73724,0.73436,77.8,76.75,77.8,76.7
12-03-2020,0.73798,0.738089,0.73966,0.73524,78.2,78.6,78.85,77.7
12-04-2020,0.74139,0.7418,0.74485,0.739847,78.5,77.7,78.85,77.7
12-07-2020,0.7442,0.7439,0.7444,0.7413,77.8,78.05,78.3,77.8
12-08-2020,0.743108,0.743157,0.74511,0.73731,78.3,77.85,78.5,77.7
12-09-2020,0.741785,0.74176,0.7437,0.74007,78.7,78.55,78.75,78.55
12-10-2020,0.7412,0.7411,0.748727,0.74092,79.85,79.4,79.85,79.2
12-11-2020,0.74341,0.7435,0.7527,0.74341,78.6,79.1,79.1,78.5
12-14-2020,0.752502,0.75244,0.757002,0.75207,79.9,78.35,80.0,78.35
12-15-2020,0.75503,0.75511,0.75783,0.7529,80.5,80.25,80.7,80.25
12-16-2020,0.75351,0.75392,0.7557,0.75079,81.6,80.4,81.6,80.3
12-17-2020,0.75569,0.755561,0.7581,0.754683,81.1,81.15,81.4,81.0
12-18-2020,0.757111,0.757,0.763919,0.75698,82.45,82.1,82.45,81.8
12-21-2020,0.761429,0.76153,0.762021,0.75831,82.55,82.6,82.85,82.45
12-22-2020,0.758771,0.758743,0.760248,0.746369,83.0,82.1,83.15,82.1
12-23-2020,0.75754,0.75752,0.7584,0.75182,84.0,83.4,84.3,83.4
12-24-2020,0.75499,0.75517,0.75895,0.75261,83.15,84.4,84.95,83.15
12-25-2020,0.75814,0.75796,0.76064,0.75796,82.4,83.35,84.0,82.1
12-28-2020,0.76068,0.76068,0.76622,0.7579,82.4,83.35,84.0,82.1
12-29-2020,0.761348,0.761191,0.7624,0.75596,82.05,82.45,82.45,82.0
12-30-2020,0.758858,0.758892,0.7625,0.758478,81.25,82.1,82.5,80.9
12-31-2020,0.7612,0.76099,0.768622,0.76072,79.9,81.0,81.25,79.9
01-01-2021,0.7689,0.768929,0.77414,0.76869,80.3,80.1,80.5,79.6
01-04-2021,0.77718,0.770297,0.82076,0.769823,80.3,80.1,80.5,79.6
01-05-2021,0.7713,0.77123,0.7742,0.76566,80.0,80.45,80.85,79.7
01-06-2021,0.76698,0.7671,0.7753,0.766289,80.1,79.6,80.5,79.2
01-07-2021,0.77628,0.7766,0.782038,0.773431,80.2,80.1,80.6,79.7
01-08-2021,0.78154,0.7817,0.78154,0.77277,82.0,80.05,82.05,80.0
01-11-2021,0.7769,0.7769,0.7799,0.77414,82.4,82.05,82.4,81.5
01-12-2021,0.77238,0.771653,0.773043,0.766889,82.8,82.5,83.3,82.3
01-13-2021,0.77082,0.77075,0.77406,0.76874,82.25,82.8,83.4,82.25
01-14-2021,0.77748,0.777605,0.778271,0.77231,82.5,82.2,82.7,81.65
01-15-2021,0.77464,0.774713,0.77931,0.77288,81.15,82.45,83.2,81.15
01-18-2021,0.777563,0.77758,0.77888,0.76825,81.9,81.75,82.0,81.15
01-19-2021,0.768539,0.768888,0.77028,0.76606,81.9,81.75,82.0,81.15
01-20-2021,0.76856,0.768699,0.7724,0.76856,83.05,82.0,83.4,81.5
01-21-2021,0.771248,0.77118,0.7763,0.7702,82.85,82.95,83.3,82.55
01-22-2021,0.7755,0.77557,0.7784,0.774899,82.8,82.85,83.35,82.75
01-25-2021,0.776144,0.776102,0.77688,0.77036,82.5,83.05,83.3,82.2
01-26-2021,0.771551,0.77158,0.7748,0.76839,83.65,82.5,84.1,82.2
01-27-2021,0.7715,0.7719,0.77543,0.767,84.7,84.15,84.7,83.35
01-28-2021,0.77532,0.775314,0.7761,0.76503,84.4,84.7,85.1,84.1
01-29-2021,0.76517,0.7651,0.76774,0.759301,84.2,84.55,85.0,83.9
02-01-2021,0.767201,0.76697,0.77037,0.7637,83.2,84.1,84.45,82.7
02-02-2021,0.762062,0.761998,0.766401,0.76135,84.0,83.25,84.0,83.0
02-03-2021,0.76333,0.76346,0.76619,0.75667,83.7,84.0,84.2,83.45
02-04-2021,0.7609,0.760821,0.7627,0.76024,83.3,83.7,84.1,82.65
02-05-2021,0.763633,0.7636,0.76475,0.759,84.65,83.5,84.85,82.5
02-08-2021,0.760092,0.7603,0.766,0.75844,84.7,84.85,85.85,84.5
02-09-2021,0.76789,0.76792,0.771516,0.765257,84.5,84.75,85.5,84.5
02-10-2021,0.770558,0.7711,0.773646,0.77047,86.1,84.75,86.1,84.65
02-11-2021,0.7741,0.77405,0.77545,0.771992,82.8,86.15,86.4,82.8
02-12-2021,0.772469,0.772535,0.7773,0.77132,82.4,82.75,83.1,81.95
02-15-2021,0.7754,0.7754,0.7765,0.77193,84.1,82.3,84.1,81.6
02-16-2021,0.776392,0.77641,0.7791,0.77605,84.1,82.3,84.1,81.6
02-17-2021,0.77853,0.77862,0.7807,0.774581,82.9,84.15,84.4,82.9
02-18-2021,0.7737,0.77379,0.77693,0.77252,82.55,83.05,83.85,82.55
02-19-2021,0.7759,0.77587,0.778901,0.77318,82.5,82.6,83.4,82.4
02-22-2021,0.77682,0.7768,0.7877,0.775831,82.85,82.5,83.7,82.45
02-23-2021,0.788302,0.788849,0.792079,0.7857,82.4,82.85,83.5,81.55
02-24-2021,0.79147,0.79154,0.79345,0.78839,81.0,82.45,82.5,80.9
02-25-2021,0.7909,0.790883,0.794603,0.789889,81.85,81.1,82.35,80.9
02-26-2021,0.79751,0.797703,0.80069,0.794849,81.2,81.7,82.2,80.2
03-01-2021,0.78656,0.787,0.78703,0.771188,84.05,81.15,84.05,80.9
03-02-2021,0.775368,0.775242,0.7788,0.7723,84.85,84.3,84.95,84.1
03-03-2021,0.77724,0.7772,0.7824,0.773718,84.75,84.95,85.2,84.3
03-04-2021,0.7826,0.78252,0.784006,0.7774,85.5,84.75,85.5,84.6
03-05-2021,0.77543,0.77581,0.781519,0.77543,86.0,86.35,86.5,86.0
03-08-2021,0.77165,0.77156,0.7726,0.76256,85.45,86.0,86.1,85.45
03-09-2021,0.770748,0.77091,0.771462,0.763709,85.6,85.6,85.7,84.7
03-10-2021,0.765709,0.765667,0.7719,0.762247,86.5,86.3,87.0,85.65
03-11-2021,0.771605,0.771784,0.7744,0.76699,86.8,87.4,87.4,86.6
03-12-2021,0.77314,0.7732,0.77842,0.77244,87.3,87.45,87.65,86.65
03-15-2021,0.77851,0.778762,0.7801,0.77267,89.15,87.25,89.15,86.6
03-16-2021,0.776337,0.7763,0.7776,0.770677,88.05,88.9,88.9,88.0
03-17-2021,0.775,0.775014,0.7757,0.77135,88.0,88.05,88.1,87.8
03-18-2021,0.774659,0.774557,0.774713,0.77062,88.6,88.35,88.6,87.85
03-19-2021,0.78111,0.7813,0.7849,0.77625,89.2,88.95,89.9,88.9
03-22-2021,0.77526,0.77537,0.7771,0.77188,88.55,88.75,89.0,88.55
03-23-2021,0.77235,0.77225,0.7755,0.77053,87.7,87.85,88.0,87.5
03-24-2021,0.774557,0.77455,0.774713,0.76557,86.8,87.7,87.7,86.8
03-25-2021,0.760902,0.76047,0.763,0.75844,86.0,86.9,87.0,85.7
03-26-2021,0.75921,0.7591,0.7615,0.756453,86.0,86.05,86.2,85.5
03-29-2021,0.7595,0.7594,0.7637,0.75884,83.8,85.95,86.0,83.8
03-30-2021,0.7638,0.763738,0.765521,0.7616,85.0,84.1,85.8,84.1
03-31-2021,0.76395,0.764117,0.76629,0.75968,85.1,85.2,85.8,84.65
04-01-2021,0.760792,0.76088,0.763825,0.75891,84.2,85.2,85.2,84.05
04-02-2021,0.75944,0.75941,0.7611,0.75332,82.0,84.2,84.4,82.0
04-05-2021,0.76176,0.7619,0.764,0.76,83.0,82.1,83.0,81.3
04-06-2021,0.7619,0.7621,0.766154,0.75992,82.5,82.8,83.0,81.9
04-07-2021,0.76575,0.765873,0.7663,0.760722,82.75,82.5,82.8,81.65
04-08-2021,0.766689,0.766695,0.767813,0.7613,81.9,82.45,82.65,81.55
04-09-2021,0.76116,0.761388,0.7649,0.76041,82.7,82.0,82.7,81.75
04-12-2021,0.76562,0.7659,0.7664,0.75893,82.85,82.7,83.2,82.1
04-13-2021,0.762201,0.7626,0.763825,0.75958,82.1,82.75,82.9,82.1
04-14-2021,0.76272,0.762771,0.7651,0.75946,83.5,82.1,83.5,81.6
04-15-2021,0.76465,0.76475,0.7734,0.763592,84.1,83.85,84.3,83.0
04-16-2021,0.7727,0.77251,0.77613,0.77059,83.4,84.05,84.6,83.15
04-19-2021,0.775248,0.77517,0.775976,0.77261,83.2,83.6,83.6,82.7
04-20-2021,0.771438,0.771403,0.7787,0.770689,82.8,83.05,83.6,82.75
04-21-2021,0.7765,0.7767,0.7816,0.77302,83.9,82.75,84.05,82.6
04-22-2021,0.772171,0.77238,0.7763,0.770202,83.5,83.85,84.9,83.5
04-23-2021,0.77545,0.77544,0.776518,0.77107,83.55,83.8,84.15,83.4
04-26-2021,0.770855,0.770535,0.7746,0.77009,85.0,83.6,85.15,83.4
04-27-2021,0.77437,0.774311,0.7817,0.77437,84.4,84.85,85.85,84.4
04-28-2021,0.77961,0.77997,0.7804,0.77643,84.75,84.45,84.75,83.85
04-29-2021,0.77659,0.777,0.777605,0.77278,83.15,84.4,84.85,83.1
04-30-2021,0.780214,0.78013,0.78182,0.77529,85.3,83.15,85.45,82.85
05-03-2021,0.77779,0.777762,0.778513,0.77056,86.6,85.25,86.6,85.1
05-04-2021,0.77186,0.7723,0.776699,0.77078,86.8,86.55,87.35,86.5
05-05-2021,0.7762,0.775891,0.7763,0.767748,86.3,86.75,86.9,85.9
05-06-2021,0.7715,0.77138,0.7754,0.77063,87.3,86.2,87.55,86.1
05-07-2021,0.775302,0.77512,0.7777,0.77023,87.05,87.3,87.6,86.9
05-10-2021,0.77863,0.778731,0.786287,0.77618,88.3,87.2,88.55,86.5
05-11-2021,0.785632,0.785879,0.789391,0.78385,89.35,88.3,89.4,87.55
05-12-2021,0.7842,0.7839,0.78556,0.78211,89.2,89.4,89.6,88.65
05-13-2021,0.78396,0.78381,0.784375,0.773389,88.1,89.25,89.5,87.8
05-14-2021,0.77306,0.77323,0.774731,0.76901,90.0,88.2,90.4,88.1
05-17-2021,0.77239,0.77262,0.778168,0.77142,90.4,90.2,90.55,89.25
05-18-2021,0.777659,0.777871,0.777726,0.77316,89.6,90.55,90.6,89.6
05-19-2021,0.77735,0.77737,0.78136,0.7769,90.5,89.65,90.6,89.0
05-20-2021,0.778895,0.778998,0.7797,0.77327,91.25,90.6,91.25,90.2
05-21-2021,0.7722,0.77203,0.778392,0.7719,89.95,91.1,91.6,89.45
05-24-2021,0.777061,0.777,0.7783,0.773043,90.15,89.9,90.15,89.3
05-25-2021,0.772553,0.773,0.77549,0.771099,90.1,90.25,90.3,88.9
05-26-2021,0.77509,0.77508,0.777641,0.77373,91.7,89.9,92.0,89.85
05-27-2021,0.7751,0.775314,0.779788,0.773138,91.85,92.05,92.7,91.6
05-28-2021,0.773982,0.77399,0.7758,0.77235,91.5,91.9,92.1,91.3
05-31-2021,0.77417,0.77425,0.7749,0.76783,91.2,91.25,91.7,90.5
06-01-2021,0.770897,0.77101,0.774413,0.77016,91.2,91.25,91.7,90.5
06-02-2021,0.77441,0.77435,0.777001,0.77313,92.4,91.65,92.55,91.15
06-03-2021,0.77564,0.77559,0.77716,0.77166,92.1,92.7,92.75,92.0
06-04-2021,0.7746,0.77443,0.7755,0.764982,90.7,91.95,92.65,90.7
06-07-2021,0.7665,0.766577,0.7746,0.76524,90.4,92.55,92.6,90.4
06-08-2021,0.773994,0.7744,0.77682,0.77271,91.2,90.15,91.3,90.0
06-09-2021,0.7757,0.77563,0.7765,0.77334,91.4,92.15,92.2,91.4
06-10-2021,0.7737,0.7737,0.7764,0.772678,92.0,91.85,92.2,91.4
06-11-2021,0.7729,0.77295,0.776518,0.77226,92.55,92.0,92.55,91.25
06-14-2021,0.77475,0.7748,0.77749,0.7691,93.3,92.55,93.4,92.3
06-15-2021,0.771022,0.770891,0.7727,0.76939,93.35,92.75,93.35,92.7
06-16-2021,0.771272,0.7712,0.771903,0.76754,91.2,92.85,92.8,91.2
06-17-2021,0.7686,0.768622,0.771641,0.76848,91.1,91.3,91.3,90.7
06-18-2021,0.76127,0.761673,0.7639,0.75531,91.2,91.2,91.9,90.95
06-21-2021,0.755641,0.75569,0.756201,0.74794,90.15,90.6,90.7,90.15
06-22-2021,0.75021,0.7504,0.75367,0.74799,90.5,90.15,90.6,89.75
06-23-2021,0.75327,0.75349,0.7534,0.74956,89.6,90.6,90.7,89.5
06-24-2021,0.75553,0.755481,0.76,0.75383,87.8,88.9,88.9,87.8
06-25-2021,0.757478,0.757444,0.759301,0.756819,88.5,88.5,89.5,88.0
06-28-2021,0.758098,0.758208,0.761905,0.758098,87.9,88.5,88.7,87.7
06-29-2021,0.7595,0.7595,0.7604,0.75559,86.4,87.9,87.9,86.0
06-30-2021,0.75685,0.75684,0.757117,0.750852,86.3,86.0,86.5,85.8
07-01-2021,0.75141,0.75136,0.7529,0.749283,86.2,86.25,86.4,85.5
07-02-2021,0.74953,0.74977,0.751,0.7464,85.65,86.2,86.5,85.5
07-05-2021,0.74671,0.746581,0.7501,0.744929,85.85,85.65,86.6,85.35
07-06-2021,0.751682,0.75186,0.754,0.75092,85.85,85.65,86.6,85.35
07-07-2021,0.754,0.7543,0.75986,0.74889,85.4,85.75,85.9,85.2
07-08-2021,0.74914,0.7495,0.7534,0.74646,86.5,85.4,86.5,85.2
07-09-2021,0.74831,0.748441,0.748475,0.74182,86.9,86.5,87.25,86.4
07-12-2021,0.743716,0.743329,0.74872,0.74101,86.8,86.9,87.1,86.35
07-13-2021,0.749288,0.749008,0.7497,0.74498,87.05,86.65,87.2,86.35
07-14-2021,0.7481,0.7481,0.750525,0.742799,86.7,87.05,87.55,86.7
07-15-2021,0.74383,0.7442,0.7486,0.7434,85.9,86.7,86.8,85.7
07-16-2021,0.7481,0.748038,0.748615,0.743423,86.5,85.95,86.85,85.6
07-19-2021,0.742462,0.7423,0.7444,0.74004,87.15,86.45,87.5,86.0
07-20-2021,0.7389,0.7391,0.7392,0.733,86.15,87.35,87.7,86.0
07-21-2021,0.733751,0.73392,0.73562,0.73006,86.65,86.15,87.3,85.8
07-22-2021,0.7339,0.733891,0.73603,0.72898,87.3,87.1,87.3,86.7
07-23-2021,0.735202,0.735262,0.7397,0.73431,86.7,87.3,87.35,86.2
07-26-2021,0.73825,0.73805,0.7392,0.73579,87.0,86.9,87.2,86.5
07-27-2021,0.736659,0.736822,0.739098,0.7333,87.25,87.0,88.2,86.9
07-28-2021,0.738607,0.738825,0.739,0.73378,87.4,87.35,87.8,86.45
07-29-2021,0.73679,0.736637,0.73758,0.73241,86.75,87.45,87.5,86.05
07-30-2021,0.7378,0.73771,0.74134,0.73601,87.0,86.85,87.55,86.45
08-02-2021,0.739601,0.73961,0.740576,0.7345,85.7,86.75,86.9,85.7
08-03-2021,0.734231,0.734231,0.73828,0.73298,86.15,85.7,86.3,85.6
08-04-2021,0.73624,0.73606,0.7409,0.73588,86.0,86.6,86.4,86.0
08-05-2021,0.73964,0.73968,0.742721,0.7371,86.45,86.4,86.6,86.0
08-06-2021,0.73825,0.7383,0.741675,0.737822,85.8,86.3,86.4,85.7
08-09-2021,0.7405,0.7403,0.740686,0.734792,84.25,84.35,84.35,84.25
08-10-2021,0.7338,0.733783,0.736594,0.7329,84.5,84.2,84.5,83.85
08-11-2021,0.733,0.7331,0.735619,0.73162,84.0,84.1,84.4,84.0
08-12-2021,0.73446,0.73438,0.73858,0.7325,82.7,84.05,84.3,82.6
08-13-2021,0.73722,0.737409,0.737517,0.73361,82.0,82.3,82.4,82.0
08-16-2021,0.73402,0.73415,0.738,0.73337,82.45,82.35,82.75,82.3
08-17-2021,0.736692,0.736572,0.7369,0.732032,81.45,82.4,82.7,81.45
08-18-2021,0.73392,0.734107,0.733977,0.725321,81.9,81.8,82.0,81.55
08-19-2021,0.72555,0.72556,0.7272,0.72316,80.6,81.35,81.5,80.4
08-20-2021,0.72316,0.7231,0.7235,0.71455,80.4,80.6,80.6,80.05
08-23-2021,0.7148,0.71462,0.7159,0.71073,81.0,80.35,81.05,80.15
08-24-2021,0.714189,0.71398,0.7211,0.714158,81.4,81.35,81.75,81.2
08-25-2021,0.72087,0.72096,0.7271,0.72015,80.5,81.55,81.8,80.5
08-26-2021,0.72505,0.72488,0.726728,0.72376,81.8,80.8,81.8,80.4
08-27-2021,0.72779,0.72766,0.728226,0.72421,81.65,81.85,82.5,81.6
08-30-2021,0.723552,0.72384,0.730994,0.72231,82.3,81.75,83.2,81.6
08-31-2021,0.731797,0.731598,0.732,0.72862,81.0,82.3,82.55,81.0
09-01-2021,0.729315,0.729123,0.734214,0.728948,82.0,81.05,82.0,80.4
09-02-2021,0.732,0.73179,0.73723,0.73085,82.1,81.75,82.9,81.6
09-03-2021,0.73688,0.7368,0.740905,0.73564,81.35,82.45,82.7,81.1
09-06-2021,0.739782,0.73993,0.7478,0.7396,82.8,81.3,82.8,81.0
09-07-2021,0.744341,0.744502,0.7446,0.742749,82.8,81.3,82.8,81.0
09-08-2021,0.7437,0.743671,0.746531,0.737779,81.9,82.8,83.1,81.6
09-09-2021,0.73871,0.73866,0.7404,0.734608,81.8,82.4,82.7,81.35
09-10-2021,0.73594,0.736377,0.73943,0.73475,80.85,81.8,81.9,79.9
09-13-2021,0.736974,0.737083,0.741125,0.7361,80.15,80.9,81.0,80.15
09-14-2021,0.7366,0.736811,0.737681,0.7337,79.6,80.15,80.6,79.0
09-15-2021,0.7367,0.73659,0.7375,0.73245,79.5,79.45,80.1,78.7
09-16-2021,0.7319,0.73171,0.7338,0.7303,79.75,79.8,80.15,79.2
09-17-2021,0.7338,0.73412,0.7347,0.72754,79.45,79.75,79.9,78.7
09-20-2021,0.72917,0.72915,0.732225,0.72673,80.45,79.45,80.75,78.45
09-21-2021,0.726612,0.726401,0.7271,0.722089,80.2,80.45,81.15,80.2
09-22-2021,0.726005,0.72597,0.7284,0.72224,79.4,80.2,80.55,79.3
09-23-2021,0.7232,0.7228,0.7268,0.7225,81.0,79.3,82.35,79.0
09-24-2021,0.72337,0.7234,0.73123,0.72237,81.4,81.15,81.6,80.45
09-27-2021,0.72997,0.72998,0.731689,0.72369,81.0,81.45,81.5,79.9
09-28-2021,0.726607,0.726612,0.7292,0.72506,83.25,81.15,83.25,80.6
09-29-2021,0.72812,0.72806,0.7313,0.7231,83.1,83.05,83.2,82.85
09-30-2021,0.72448,0.724428,0.72622,0.71822,83.0,83.1,83.25,82.4
10-01-2021,0.71783,0.718,0.725768,0.71783,84.0,83.6,84.1,83.45
10-04-2021,0.72288,0.723118,0.7274,0.719378,83.35,83.1,83.5,82.85
10-05-2021,0.7276,0.727521,0.730514,0.72526,84.0,82.85,84.0,82.75
10-06-2021,0.728932,0.72897,0.72985,0.72515,84.0,84.0,84.1,83.6
10-07-2021,0.728762,0.729075,0.728916,0.72271,84.6,84.2,85.1,84.2
10-08-2021,0.7283,0.728141,0.7325,0.72712,84.7,83.9,84.7,83.9
10-11-2021,0.73164,0.73168,0.7338,0.72894,84.1,84.6,84.85,84.1
10-12-2021,0.7296,0.72949,0.737371,0.7296,84.0,83.55,84.25,83.5
10-13-2021,0.73484,0.73484,0.738607,0.73338,84.3,84.0,84.4,83.85
10-14-2021,0.733514,0.733509,0.7379,0.73264,82.35,82.6,83.0,82.35
10-15-2021,0.73868,0.738607,0.7427,0.73723,83.45,82.45,83.8,82.2
10-18-2021,0.74149,0.74138,0.74398,0.74045,82.5,82.65,83.2,82.35
10-19-2021,0.742468,0.742479,0.742611,0.738018,83.9,83.35,84.3,83.0
10-20-2021,0.74175,0.7417,0.7484,0.74175,81.7,83.8,84.2,81.7
10-21-2021,0.748,0.747719,0.751823,0.74667,81.2,82.0,82.3,81.2
10-22-2021,0.75169,0.75153,0.754717,0.747859,81.7,81.55,82.0,80.95
10-25-2021,0.746531,0.74637,0.751428,0.745512,79.9,81.75,82.5,79.9
10-26-2021,0.747,0.74691,0.7508,0.74654,79.25,79.5,79.5,79.1
10-27-2021,0.74945,0.74918,0.7526,0.749,78.6,79.0,80.1,78.6
10-28-2021,0.75143,0.751298,0.7537,0.74884,77.15,78.8,78.9,77.15
10-29-2021,0.750041,0.750075,0.755572,0.74798,79.0,78.3,79.2,78.1
11-01-2021,0.7535,0.75316,0.755515,0.750058,76.55,78.95,79.0,76.4
11-02-2021,0.752089,0.751829,0.7536,0.74872,76.4,76.6,76.6,75.7
11-03-2021,0.752389,0.75205,0.753409,0.74276,77.0,76.6,77.2,76.3
11-04-2021,0.7438,0.7439,0.745212,0.74161,76.5,76.9,77.4,76.4
11-05-2021,0.747032,0.7469,0.747032,0.738389,74.8,76.45,76.7,74.7
11-08-2021,0.740949,0.740933,0.7412,0.73641,75.3,74.35,75.6,74.1
11-09-2021,0.739497,0.73959,0.743273,0.73864,77.05,75.35,77.05,75.15
11-10-2021,0.741559,0.74148,0.743218,0.73619,77.7,77.0,77.8,76.75
11-11-2021,0.73765,0.73762,0.73932,0.73441,77.9,77.75,78.1,77.3
11-12-2021,0.733412,0.733412,0.734214,0.72884,77.7,78.0,78.4,77.4
11-15-2021,0.72908,0.7292,0.7326,0.72769,76.75,77.55,77.7,76.6
11-16-2021,0.733272,0.733251,0.7371,0.732392,76.55,76.85,76.95,75.85
11-17-2021,0.73456,0.73449,0.737,0.73101,79.0,76.35,79.1,76.2
11-18-2021,0.73005,0.730161,0.73045,0.72643,79.55,79.1,79.8,78.9
11-19-2021,0.726897,0.72686,0.7294,0.72506,80.25,79.3,80.5,79.2
11-22-2021,0.72758,0.7279,0.7292,0.72301,80.35,80.25,80.35,78.8
11-23-2021,0.72316,0.72317,0.72715,0.722909,80.5,80.5,80.9,79.8
11-24-2021,0.72278,0.722804,0.723903,0.72083,80.65,80.75,81.4,80.4
11-25-2021,0.7223,0.72222,0.722909,0.7187,79.35,80.05,80.05,79.35
11-26-2021,0.72026,0.7202,0.721084,0.7181,79.35,80.05,80.05,79.35
11-29-2021,0.717499,0.71737,0.7177,0.711389,79.35,79.8,79.95,79.35
11-30-2021,0.714189,0.714281,0.7161,0.711511,79.5,79.5,79.5,79.1
12-01-2021,0.7149,0.71458,0.7172,0.70674,81.05,80.45,81.05,80.35
12-02-2021,0.71267,0.7125,0.717309,0.7122,80.7,81.1,81.15,80.45
12-03-2021,0.71076,0.71076,0.712099,0.708521,81.45,80.9,81.7,80.9
12-06-2021,0.708818,0.70878,0.709019,0.701041,80.25,81.0,81.2,80.25
12-07-2021,0.701661,0.70179,0.705348,0.700722,80.4,79.9,81.0,79.9
12-08-2021,0.705119,0.70492,0.7125,0.70404,80.4,80.55,81.1,80.4
12-09-2021,0.71224,0.71226,0.71701,0.71179,80.35,81.05,81.05,79.9
12-10-2021,0.716897,0.717,0.718907,0.7136,79.65,80.15,80.5,79.45
12-13-2021,0.714694,0.714612,0.718272,0.713419,79.0,79.35,79.75,78.9
12-14-2021,0.716666,0.71661,0.7179,0.711141,78.05,78.0,78.3,77.55
12-15-2021,0.71323,0.713318,0.7138,0.70928,78.8,78.15,79.35,78.05
12-16-2021,0.71052,0.7106,0.71504,0.710348,78.05,78.85,78.8,78.0
12-17-2021,0.717,0.71665,0.72234,0.714638,77.85,77.85,78.2,77.45
12-20-2021,0.7177,0.717561,0.7184,0.71374,79.3,78.4,79.85,78.25
12-21-2021,0.712043,0.711698,0.712911,0.70831,78.9,79.35,79.6,78.8
12-22-2021,0.711162,0.71095,0.714219,0.710081,78.6,79.15,79.4,78.05
12-23-2021,0.7148,0.71478,0.721709,0.71215,79.05,78.6,79.05,78.25
12-24-2021,0.72129,0.7214,0.7245,0.7198,78.5,79.15,79.9,78.15
12-27-2021,0.72323,0.72332,0.72481,0.72221,78.5,79.15,79.9,78.15
12-28-2021,0.723071,0.723129,0.7244,0.72062,78.2,78.7,78.8,76.9
12-29-2021,0.72355,0.7237,0.7265,0.72201,81.3,78.1,81.5,77.9
12-30-2021,0.7233,0.7234,0.727326,0.72138,83.4,81.5,83.4,81.45
12-31-2021,0.7262,0.725879,0.72786,0.72442,83.3,83.4,84.7,83.3
01-03-2022,0.725111,0.72498,0.7276,0.72447,82.8,83.9,84.0,82.75
01-04-2022,0.72685,0.726818,0.727908,0.71859,82.5,82.75,82.8,81.8
01-05-2022,0.71969,0.7198,0.7249,0.71853,83.5,83.2,84.1,83.1
01-06-2022,0.724108,0.72388,0.72718,0.72234,82.85,83.6,83.6,82.25
01-07-2022,0.7223,0.72208,0.7223,0.71466,83.1,82.8,83.1,82.0
01-10-2022,0.716399,0.71626,0.718592,0.713109,84.55,82.7,85.1,82.1
01-11-2022,0.71787,0.717911,0.720513,0.714939,84.5,84.4,84.5,83.55
01-12-2022,0.7182,0.7181,0.720098,0.71557,84.9,84.5,85.3,84.45
01-13-2022,0.7213,0.72098,0.72792,0.72009,82.5,84.95,85.2,82.2
01-14-2022,0.7282,0.728221,0.7314,0.72749,82.0,82.2,82.5,81.7
01-17-2022,0.72802,0.728226,0.729501,0.72218,82.65,82.0,82.75,81.7
01-18-2022,0.721641,0.721652,0.7231,0.71962,82.65,82.0,82.75,81.7
01-19-2022,0.72116,0.72108,0.722778,0.717618,82.75,82.7,83.25,81.9
01-20-2022,0.71893,0.71875,0.72381,0.71787,82.5,82.75,82.9,81.25
01-21-2022,0.721813,0.7217,0.72756,0.721673,82.6,82.6,82.7,81.55
01-24-2022,0.72175,0.721709,0.72175,0.71817,84.1,82.25,84.3,81.8
01-25-2022,0.718649,0.718788,0.718907,0.70924,85.0,84.3,85.4,83.55
01-26-2022,0.71551,0.71545,0.71724,0.71219,83.4,84.95,85.0,83.25
01-27-2022,0.71588,0.71588,0.7178,0.71508,84.45,83.5,85.2,83.35
01-28-2022,0.71214,0.7123,0.71214,0.70421,84.2,84.45,84.8,83.1
01-31-2022,0.7037,0.70355,0.704722,0.69686,84.2,84.15,85.3,83.5
02-01-2022,0.699428,0.6998,0.707914,0.69932,85.55,84.25,86.2,84.1
02-02-2022,0.70659,0.70683,0.711794,0.70347,87.0,85.65,87.0,85.6
02-03-2022,0.713409,0.713399,0.71584,0.71193,87.25,87.3,88.1,86.8
02-04-2022,0.712088,0.71208,0.7168,0.71099,88.1,87.3,88.5,86.75
02-07-2022,0.71419,0.7145,0.7153,0.70523,86.6,88.25,88.3,86.5
02-08-2022,0.70798,0.70803,0.7123,0.70659,86.7,86.6,86.95,85.1
02-09-2022,0.7128,0.713,0.713878,0.71076,85.6,86.25,86.3,85.5
02-10-2022,0.714602,0.714592,0.71941,0.71432,86.5,85.65,86.7,85.5
02-11-2022,0.71767,0.717741,0.72481,0.71513,84.4,86.6,86.95,84.3
02-14-2022,0.71616,0.71617,0.718391,0.71105,84.55,84.35,85.1,84.2
02-15-2022,0.714658,0.71448,0.714658,0.708692,85.3,84.65,85.45,84.0
02-16-2022,0.71328,0.71321,0.71561,0.710358,85.3,85.4,86.25,84.95
02-17-2022,0.714842,0.714909,0.718494,0.71449,85.6,85.3,85.65,84.8
02-18-2022,0.71925,0.71945,0.72175,0.715159,84.5,85.65,85.9,83.8
02-21-2022,0.718721,0.718933,0.723,0.71676,86.15,84.8,86.2,84.5
02-22-2022,0.717231,0.71717,0.7223,0.716841,86.15,84.8,86.2,84.5
02-23-2022,0.7186,0.71845,0.7234,0.7182,85.8,86.3,86.4,85.55
02-24-2022,0.72273,0.72269,0.72838,0.72213,83.7,83.7,83.7,83.7
02-25-2022,0.722862,0.7228,0.722862,0.709628,84.0,83.7,84.2,83.7
02-28-2022,0.71602,0.71602,0.723558,0.714602,84.0,83.85,84.1,83.8
03-01-2022,0.718081,0.718649,0.726375,0.716949,83.75,83.7,84.15,83.7
03-02-2022,0.726111,0.7262,0.7291,0.724559,81.8,83.85,84.0,81.8
03-03-2022,0.726058,0.726143,0.72902,0.724412,83.1,81.85,83.1,81.85
03-04-2022,0.72927,0.729341,0.7348,0.72764,82.65,83.15,83.15,82.4
03-07-2022,0.73363,0.7337,0.737517,0.73032,83.3,83.05,83.5,82.5
03-08-2022,0.739208,0.739481,0.743749,0.73196,82.0,82.6,82.6,82.0
03-09-2022,0.73293,0.73285,0.73479,0.724659,80.4,82.35,82.3,80.3
03-10-2022,0.7272,0.726792,0.7338,0.72683,78.85,79.5,79.6,78.8
03-11-2022,0.73191,0.73169,0.736312,0.72891,78.5,78.9,79.0,78.2
03-14-2022,0.73654,0.7366,0.73657,0.73046,78.8,78.3,78.85,78.2
03-15-2022,0.72957,0.72965,0.729682,0.72276,79.0,79.0,79.2,78.5
03-16-2022,0.7201,0.71987,0.72267,0.71667,78.75,78.55,79.05,78.5
03-17-2022,0.719042,0.7191,0.72731,0.7181,80.3,78.8,80.3,78.15
03-18-2022,0.728969,0.72888,0.73894,0.728528,80.0,80.0,80.0,79.3
03-21-2022,0.73816,0.7381,0.741098,0.736279,78.3,79.85,79.95,78.25
03-22-2022,0.741021,0.740999,0.742512,0.73749,78.75,78.4,78.75,77.55
03-23-2022,0.739459,0.739579,0.745,0.73758,79.0,78.9,80.0,78.3
03-24-2022,0.74634,0.74623,0.749901,0.745079,79.55,80.0,80.1,79.25
03-25-2022,0.7502,0.749918,0.75266,0.74678,79.05,79.55,80.2,79.05
03-28-2022,0.751117,0.751428,0.75363,0.74963,78.6,78.95,79.4,78.6
03-29-2022,0.751823,0.751823,0.753977,0.746742,79.0,78.5,79.2,78.25
03-30-2022,0.74995,0.74995,0.751569,0.746219,78.7,79.0,79.3,78.45
03-31-2022,0.751467,0.751467,0.75362,0.750508,78.25,78.55,78.75,77.2
04-01-2022,0.7503,0.7503,0.75147,0.747139,78.1,78.25,78.65,77.4
04-04-2022,0.749193,0.749193,0.7527,0.74734,78.4,78.3,78.95,78.1
04-05-2022,0.748649,0.748649,0.755641,0.748391,78.2,78.35,79.1,78.0
04-06-2022,0.75439,0.75439,0.76607,0.75364,77.4,78.2,78.25,76.6
04-07-2022,0.75857,0.75857,0.7596,0.753477,78.0,77.25,78.35,76.5
04-08-2022,0.750508,0.750508,0.75126,0.74675,79.0,78.05,79.55,77.6
04-11-2022,0.747848,0.747848,0.7493,0.74272,80.8,79.05,80.8,78.8
04-12-2022,0.74443,0.744651,0.7461,0.741878,80.25,80.45,80.7,79.8
04-13-2022,0.74151,0.741532,0.7494,0.740012,80.0,79.85,80.95,79.3
04-14-2022,0.7455,0.7455,0.747496,0.739579,80.7,80.05,81.1,79.7
04-15-2022,0.74519,0.74515,0.746993,0.739902,81.6,81.15,82.4,81.0
04-18-2022,0.741015,0.741015,0.7418,0.73948,81.6,81.15,82.4,81.0
04-19-2022,0.739382,0.739382,0.7398,0.73515,81.45,81.4,81.9,80.15
04-20-2022,0.735759,0.735759,0.74001,0.73464,80.55,80.5,81.25,80.2
04-21-2022,0.739399,0.739399,0.745718,0.73757,80.75,80.55,81.4,80.4
04-22-2022,0.7447,0.7447,0.74569,0.73738,80.0,80.7,80.85,79.1
04-25-2022,0.736111,0.736111,0.737,0.725047,80.0,79.75,80.2,78.5
04-26-2022,0.723694,0.723694,0.723338,0.7136,80.8,79.8,80.9,79.5
04-27-2022,0.71785,0.71785,0.722872,0.71424,81.8,80.95,81.8,80.6
04-28-2022,0.7146,0.7146,0.719011,0.710369,81.2,81.75,82.2,80.85
04-29-2022,0.71257,0.71257,0.71613,0.70557,81.0,81.25,82.0,80.7
05-02-2022,0.710884,0.710884,0.718,0.7095,79.3,81.3,81.5,79.05
05-03-2022,0.706539,0.706539,0.70822,0.703408,79.6,79.1,80.15,78.95
05-04-2022,0.7051,0.7051,0.714102,0.7054,79.1,79.6,79.7,77.8
05-05-2022,0.710379,0.710379,0.71502,0.709139,78.8,78.95,79.1,77.8
05-06-2022,0.72529,0.72529,0.726528,0.708978,79.7,79.0,79.8,78.3
05-09-2022,0.7121,0.7121,0.7133,0.70638,78.7,79.55,80.1,78.1
05-10-2022,0.7047,0.7047,0.7047,0.69705,75.55,78.7,79.35,75.55
05-11-2022,0.695739,0.695739,0.6986,0.69128,76.75,75.9,76.75,75.2
05-12-2022,0.6936,0.6936,0.705189,0.693001,80.5,76.75,80.8,76.3
05-13-2022,0.69275,0.69275,0.6952,0.68447,80.8,80.5,81.1,79.5
05-16-2022,0.687191,0.687191,0.692521,0.686672,80.9,80.55,81.8,80.0
05-17-2022,0.694618,0.694618,0.69592,0.68757,80.45,81.0,81.6,79.9
05-18-2022,0.697282,0.697282,0.7043,0.69735,81.5,80.65,81.6,80.3
05-19-2022,0.703284,0.703284,0.704722,0.69826,82.75,81.5,82.75,80.6
05-20-2022,0.6959,0.6959,0.706829,0.69564,81.05,82.65,82.7,81.0
05-23-2022,0.70415,0.70415,0.7073,0.700476,81.75,81.05,83.85,81.0
05-24-2022,0.706289,0.706289,0.71257,0.70598,78.9,80.65,81.9,78.9
05-25-2022,0.708898,0.708898,0.71044,0.70592,80.4,78.85,80.4,78.8
05-26-2022,0.71032,0.71032,0.71194,0.703611,80.35,79.35,80.65,78.9
05-27-2022,0.70894,0.70894,0.7111,0.70582,81.45,80.65,81.45,80.2
05-30-2022,0.709879,0.709879,0.7166,0.7093,82.45,81.25,82.55,80.7
05-31-2022,0.716281,0.716281,0.7203,0.71583,82.45,81.25,82.55,80.7
06-01-2022,0.71952,0.71952,0.72034,0.715139,82.15,82.7,82.95,82.15
06-02-2022,0.718262,0.718262,0.723029,0.71561,82.8,81.95,82.85,81.9
06-03-2022,0.71736,0.71736,0.725789,0.714148,82.8,83.25,83.3,82.6
06-06-2022,0.7269,0.7269,0.72821,0.72069,81.75,81.2,82.0,81.2
06-07-2022,0.720492,0.720492,0.72338,0.719021,79.2,81.7,82.15,79.2
06-08-2022,0.718861,0.718861,0.72381,0.71578,80.5,79.7,80.6,79.4
06-09-2022,0.72206,0.72206,0.723442,0.71766,81.15,81.0,81.3,80.75
06-10-2022,0.718649,0.718649,0.719476,0.711501,81.95,81.7,82.2,80.9
06-13-2022,0.709819,0.709819,0.7139,0.70403,80.5,82.2,82.5,80.5
06-14-2022,0.701828,0.701828,0.703349,0.69244,81.0,81.0,81.05,80.2
06-15-2022,0.69416,0.69416,0.697,0.68764,80.4,81.4,81.5,80.35
06-16-2022,0.68899,0.68899,0.6958,0.688791,79.45,79.45,80.2,79.0
06-17-2022,0.70169,0.70169,0.703482,0.69453,78.75,79.6,80.0,78.3
06-20-2022,0.70405,0.70405,0.70402,0.68982,77.7,79.2,79.25,77.25
06-21-2022,0.6953,0.6953,0.69961,0.6927,77.7,79.2,79.25,77.25
06-22-2022,0.69695,0.69695,0.6995,0.6935,74.6,77.7,77.7,74.35
06-23-2022,0.69618,0.69618,0.69615,0.688222,75.45,74.65,75.6,73.9
06-24-2022,0.690522,0.690522,0.69262,0.686988,74.85,75.35,75.5,74.5
06-27-2022,0.69035,0.69035,0.695701,0.689042,75.0,74.85,75.95,74.4
06-28-2022,0.694338,0.694338,0.6949,0.690918,75.5,75.25,76.75,74.9
06-29-2022,0.692252,0.692252,0.696461,0.691381,73.9,75.55,75.6,73.65
06-30-2022,0.69044,0.69044,0.692008,0.6863,74.4,73.9,75.0,73.3
07-01-2022,0.688047,0.688047,0.691329,0.68543,75.0,74.05,75.4,73.5
07-04-2022,0.68976,0.68976,0.69035,0.676558,74.45,74.75,75.1,74.0
07-05-2022,0.68158,0.68158,0.689,0.679569,74.45,74.75,75.1,74.0
07-06-2022,0.68738,0.68738,0.689513,0.67654,76.8,74.55,77.35,74.3
07-07-2022,0.67932,0.67932,0.682449,0.67677,77.4,77.05,77.75,76.75
07-08-2022,0.6786,0.6786,0.684978,0.67653,77.4,77.5,77.6,76.6
07-11-2022,0.6849,0.6849,0.687351,0.67962,77.1,77.6,77.9,75.6
07-12-2022,0.68458,0.68458,0.6846,0.67179,77.75,77.1,78.8,77.0
07-13-2022,0.674332,0.674332,0.67786,0.671249,76.5,77.75,77.8,75.8
07-14-2022,0.6747,0.6747,0.68037,0.67283,77.6,76.75,77.9,76.5
07-15-2022,0.67323,0.67323,0.6787,0.66832,77.85,77.75,78.3,77.4
07-18-2022,0.675489,0.675489,0.68055,0.67203,77.4,77.7,78.0,76.85
07-19-2022,0.681477,0.681477,0.68542,0.67947,76.1,77.4,78.1,75.8
07-20-2022,0.68102,0.68102,0.690818,0.6803,75.6,76.15,76.45,75.0
07-21-2022,0.689798,0.689798,0.69301,0.68842,74.7,75.6,76.3,74.7
07-22-2022,0.688738,0.688738,0.6918,0.685989,76.5,74.8,76.65,74.5
07-25-2022,0.69229,0.69229,0.69753,0.68955,73.5,76.25,76.4,73.2
07-26-2022,0.690469,0.690469,0.696476,0.688378,74.5,73.35,74.75,73.15
07-27-2022,0.69512,0.69512,0.698324,0.692348,74.0,74.2,74.45,73.85
07-28-2022,0.694739,0.694739,0.695894,0.691611,75.2,75.0,75.3,74.9
07-29-2022,0.69949,0.69949,0.701607,0.695739,73.6,74.4,74.5,72.85
08-01-2022,0.700084,0.700084,0.70315,0.69144,75.3,74.3,75.6,74.0
08-02-2022,0.697122,0.697122,0.70465,0.697122,73.8,74.95,75.0,73.7
08-03-2022,0.70239,0.70239,0.70306,0.691482,76.65,74.45,76.85,74.1
08-04-2022,0.68903,0.68903,0.694541,0.68871,77.5,76.65,77.5,76.2
08-05-2022,0.6939,0.6939,0.699105,0.69362,77.5,77.5,77.6,77.3
08-08-2022,0.69592,0.69592,0.69747,0.68723,76.0,77.8,78.3,76.0
08-09-2022,0.69025,0.69025,0.70084,0.689931,78.15,79.35,79.4,77.6
08-10-2022,0.69877,0.69877,0.699496,0.696602,77.15,77.1,77.6,76.4
08-11-2022,0.695701,0.695701,0.7103,0.69477,76.8,75.6,76.8,75.0
08-12-2022,0.707814,0.707814,0.7136,0.70638,77.35,77.25,77.4,76.7
08-15-2022,0.71029,0.71029,0.712911,0.70863,77.4,77.35,77.8,76.5
08-16-2022,0.711668,0.711668,0.712418,0.70121,77.65,77.4,79.4,77.3
08-17-2022,0.702,0.702,0.7041,0.69922,75.3,77.8,77.8,75.25
08-18-2022,0.70194,0.70194,0.7026,0.69121,75.0,75.4,76.25,74.7
08-19-2022,0.69304,0.69304,0.697107,0.68995,75.0,75.75,75.9,75.0
08-22-2022,0.69112,0.69112,0.692,0.68596,75.5,75.25,76.6,75.1
08-23-2022,0.687711,0.687711,0.69236,0.68633,70.55,75.95,76.1,70.4
08-24-2022,0.68787,0.68787,0.696209,0.68571,69.5,70.8,71.0,69.5
08-25-2022,0.6923,0.6923,0.695372,0.68798,69.9,69.7,70.5,69.05
08-26-2022,0.690799,0.690799,0.6993,0.69031,66.25,69.0,69.1,66.25
08-29-2022,0.696398,0.696398,0.700599,0.69152,65.75,66.35,67.0,65.6
08-30-2022,0.686691,0.686691,0.692713,0.68419,66.2,66.0,66.4,65.5
08-31-2022,0.690751,0.690751,0.695797,0.68599,66.0,66.4,67.05,65.15
09-01-2022,0.68574,0.68574,0.690422,0.68434,65.5,66.0,66.1,65.0
09-02-2022,0.68285,0.68285,0.68436,0.677172,63.6,65.4,65.8,63.3
09-05-2022,0.67953,0.67953,0.68538,0.678109,63.0,63.25,63.45,62.65
09-06-2022,0.67903,0.67903,0.680411,0.67736,63.0,63.25,63.45,62.65
09-07-2022,0.6814,0.6814,0.6835,0.6733,63.25,62.95,63.4,62.8
09-08-2022,0.673011,0.673011,0.67363,0.670008,64.9,63.25,65.0,63.0
09-09-2022,0.67514,0.67514,0.67635,0.67139,64.35,64.9,65.0,64.05
09-12-2022,0.67659,0.67659,0.687711,0.67644,64.0,64.55,65.2,63.6
09-13-2022,0.6847,0.6847,0.68892,0.682538,63.7,64.0,64.85,63.7
09-14-2022,0.689398,0.689398,0.6918,0.67619,63.6,63.85,64.2,63.3
09-15-2022,0.6743,0.6743,0.676018,0.67058,63.05,63.6,63.85,62.6
09-16-2022,0.67518,0.67518,0.67697,0.67061,62.25,63.0,63.1,62.0
09-19-2022,0.66873,0.66873,0.6727,0.667049,62.5,62.0,63.6,62.0
09-20-2022,0.6727,0.6727,0.673111,0.667289,62.3,62.4,62.6,61.7
09-21-2022,0.67337,0.67337,0.674741,0.668539,63.55,62.3,63.9,62.2
09-22-2022,0.66942,0.66942,0.6704,0.66556,63.55,63.5,63.7,62.6
09-23-2022,0.66101,0.66101,0.667147,0.65754,63.0,62.8,63.4,61.1
09-26-2022,0.66454,0.66454,0.665549,0.6537,66.55,63.15,66.55,63.0
09-27-2022,0.65307,0.65307,0.65368,0.64583,66.75,65.95,66.8,65.9
09-28-2022,0.6476,0.6476,0.65124,0.64422,66.9,66.75,67.2,66.6
09-29-2022,0.6438,0.6438,0.651249,0.63661,66.7,66.65,66.9,66.45
09-30-2022,0.6505,0.6505,0.6509,0.64367,67.35,66.55,67.6,66.5
10-03-2022,0.6513,0.6513,0.65205,0.642797,68.0,67.35,68.3,67.25
10-04-2022,0.642096,0.642096,0.651699,0.64126,69.5,68.1,69.5,67.95
10-05-2022,0.65018,0.65018,0.65452,0.645249,70.8,70.1,70.8,69.35
10-06-2022,0.65141,0.65141,0.65246,0.6417,70.3,70.65,70.7,70.2
10-07-2022,0.65127,0.65127,0.6541,0.639161,70.1,71.2,71.2,69.7
10-10-2022,0.641441,0.641441,0.6434,0.6375,70.6,70.85,70.9,70.4
10-11-2022,0.7362,0.636983,0.7365,0.627699,71.35,70.2,71.35,70.15
10-12-2022,0.629481,0.629481,0.632871,0.62483,70.45,71.35,71.45,70.1
10-13-2022,0.626641,0.626641,0.6289,0.62397,71.7,71.45,71.8,71.0
10-14-2022,0.627731,0.627731,0.62989,0.61762,71.85,71.5,71.85,71.15
10-17-2022,0.6301,0.6301,0.63467,0.62157,72.2,71.85,72.7,71.8
10-18-2022,0.622394,0.622394,0.6311,0.62118,71.5,71.3,71.5,70.9
10-19-2022,0.629882,0.629882,0.63398,0.62689,72.4,71.8,72.4,71.5
10-20-2022,0.63164,0.63164,0.6327,0.627081,71.5,72.4,72.4,71.4
10-21-2022,0.62637,0.62637,0.635409,0.622921,71.7,71.65,71.8,71.0
10-24-2022,0.627471,0.627471,0.6368,0.62129,69.95,71.6,71.85,69.95
10-25-2022,0.63719,0.63719,0.637231,0.627451,69.6,69.9,70.65,69.4
10-26-2022,0.63296,0.63296,0.641079,0.6305,69.2,69.6,70.0,68.7
10-27-2022,0.63857,0.63857,0.6511,0.63738,69.55,69.35,69.55,68.4
10-28-2022,0.64935,0.64935,0.6524,0.6428,70.45,69.7,70.7,69.5
10-31-2022,0.645091,0.645091,0.648,0.639161,69.0,70.55,70.8,68.8
11-01-2022,0.640131,0.640131,0.643004,0.6369,68.5,69.1,69.4,67.75
11-02-2022,0.64099,0.64099,0.646371,0.63838,70.3,68.65,70.4,68.4
11-03-2022,0.63967,0.63967,0.643087,0.6387,68.35,70.4,70.5,68.1
11-04-2022,0.63385,0.63385,0.63724,0.627451,66.5,68.95,69.85,66.5
11-07-2022,0.628852,0.628852,0.647538,0.628591,64.8,67.15,67.7,64.55
11-08-2022,0.643932,0.643932,0.6489,0.640771,65.5,65.05,65.7,64.6
11-09-2022,0.64748,0.64748,0.655,0.644492,63.5,65.65,66.0,63.5
11-10-2022,0.650919,0.650919,0.652,0.643339,64.55,63.55,64.55,63.35
11-11-2022,0.643418,0.643418,0.6597,0.63887,64.3,64.55,64.65,62.8
11-14-2022,0.66069,0.66069,0.6703,0.65803,64.85,64.45,65.4,64.2
11-15-2022,0.669882,0.669882,0.671592,0.66643,62.75,64.65,64.7,62.75
11-16-2022,0.66919,0.66919,0.67928,0.66873,62.8,62.75,63.2,62.5
11-17-2022,0.67695,0.67695,0.6794,0.673102,62.85,63.0,63.1,62.4
11-18-2022,0.67395,0.67395,0.675078,0.66352,62.75,62.85,63.2,62.35
11-21-2022,0.66892,0.66892,0.672988,0.66622,62.35,62.75,63.0,62.2
11-22-2022,0.668208,0.668208,0.668369,0.65858,62.7,62.2,62.9,61.8
11-23-2022,0.66078,0.66078,0.665088,0.660541,64.5,61.7,64.5,61.7
11-24-2022,0.664982,0.664982,0.672269,0.66348,64.7,64.5,64.95,64.4
11-25-2022,0.67435,0.67435,0.6779,0.67329,64.7,64.5,64.95,64.4
11-28-2022,0.67656,0.67656,0.6782,0.67214,64.5,65.15,65.2,64.5
11-29-2022,0.671191,0.671191,0.6724,0.66663,64.4,64.5,64.9,64.4
11-30-2022,0.665199,0.665199,0.67486,0.66409,63.9,65.0,65.1,63.9
12-01-2022,0.668409,0.668409,0.674018,0.66757,61.5,63.9,64.0,61.5
12-02-2022,0.67996,0.67996,0.6841,0.67917,61.6,61.3,61.6,61.0
12-05-2022,0.681102,0.681102,0.68349,0.67469,61.8,60.95,62.7,60.9
12-06-2022,0.681301,0.681301,0.68505,0.671,61.9,61.7,62.55,61.65
12-07-2022,0.670781,0.670781,0.67437,0.66905,61.3,61.2,61.65,61.1
12-08-2022,0.669882,0.669882,0.6737,0.66695,61.6,61.2,61.8,61.15
12-09-2022,0.6727,0.6727,0.678104,0.67004,62.5,61.85,62.5,61.85
12-12-2022,0.67765,0.67765,0.6815,0.67504,63.2,62.4,63.2,62.4
12-13-2022,0.678141,0.678141,0.67933,0.673011,62.9,62.6,63.0,62.55
12-14-2022,0.6754,0.6754,0.6893,0.674118,62.6,62.3,63.0,62.25
12-15-2022,0.68423,0.68423,0.68746,0.6822,62.1,61.9,62.15,61.7
12-16-2022,0.68578,0.68578,0.68701,0.669851,63.0,62.7,63.25,62.4
12-19-2022,0.670592,0.670592,0.6737,0.66767,61.6,62.55,63.7,61.6
12-20-2022,0.668749,0.668749,0.6735,0.66865,62.6,62.55,63.0,62.4
12-21-2022,0.670781,0.670781,0.67399,0.663,61.5,62.15,62.35,61.3
12-22-2022,0.66885,0.66885,0.67276,0.66571,62.4,61.6,62.4,61.55
12-23-2022,0.671682,0.671682,0.6768,0.667,62.2,62.35,62.6,62.0
12-26-2022,0.6678,0.6678,0.671321,0.666138,61.9,62.45,62.45,61.6
12-27-2022,0.671249,0.671249,0.67757,0.668181,61.9,62.45,62.45,61.6
12-28-2022,0.674459,0.674459,0.678,0.67258,61.85,61.95,62.6,61.4
12-29-2022,0.672993,0.672993,0.6801,0.672011,61.45,61.85,62.3,61.4
12-30-2022,0.67471,0.67471,0.6779,0.67113,61.5,61.35,62.3,61.15
01-02-2023,0.6766,0.6766,0.68084,0.67569,61.8,61.9,62.7,61.75
01-03-2023,0.68231,0.68231,0.68434,0.67939,61.8,61.9,62.7,61.75
